-- phpMyAdmin SQL Dump
-- version 3.2.4
-- http://www.phpmyadmin.net
--
-- Host: localhost
-- Generation Time: Dec 14, 2016 at 09:44 PM
-- Server version: 5.1.41
-- PHP Version: 5.3.1

SET SQL_MODE="NO_AUTO_VALUE_ON_ZERO";


/*!40101 SET @OLD_CHARACTER_SET_CLIENT=@@CHARACTER_SET_CLIENT */;
/*!40101 SET @OLD_CHARACTER_SET_RESULTS=@@CHARACTER_SET_RESULTS */;
/*!40101 SET @OLD_COLLATION_CONNECTION=@@COLLATION_CONNECTION */;
/*!40101 SET NAMES utf8 */;

--
-- Database: `cozi`
--

-- --------------------------------------------------------

--
-- Table structure for table `ac`
--

CREATE TABLE IF NOT EXISTS `ac` (
  `id` int(11) NOT NULL AUTO_INCREMENT,
  `created_at` timestamp NOT NULL DEFAULT CURRENT_TIMESTAMP,
  `created_by` int(11) DEFAULT NULL,
  `updated_at` datetime DEFAULT NULL,
  `updated_by` int(11) DEFAULT NULL,
  `deleted_at` datetime DEFAULT NULL,
  `deleted_by` int(11) DEFAULT NULL,
  `nama` varchar(200) NOT NULL,
  `profil` text,
  `produk` text NOT NULL,
  `lokasi` varchar(200) NOT NULL,
  `alih_teknologi` text,
  `nama_kontak` varchar(200) NOT NULL,
  `no_telp` varchar(50) NOT NULL,
  `email` varchar(200) DEFAULT NULL,
  PRIMARY KEY (`id`)
) ENGINE=InnoDB  DEFAULT CHARSET=utf8 AUTO_INCREMENT=2 ;

--
-- Dumping data for table `ac`
--

INSERT INTO `ac` (`id`, `created_at`, `created_by`, `updated_at`, `updated_by`, `deleted_at`, `deleted_by`, `nama`, `profil`, `produk`, `lokasi`, `alih_teknologi`, `nama_kontak`, `no_telp`, `email`) VALUES
(1, '2016-12-07 17:21:49', 1, NULL, NULL, NULL, NULL, 'AH AIR CONDIT', 'ASD', 'SAD', '', 'ASD', 'AHMAD', '12323', 'ahmad@gmail.com');

-- --------------------------------------------------------

--
-- Table structure for table `ac_foto`
--

CREATE TABLE IF NOT EXISTS `ac_foto` (
  `id` int(11) NOT NULL AUTO_INCREMENT,
  `created_at` timestamp NOT NULL DEFAULT CURRENT_TIMESTAMP,
  `created_by` int(11) DEFAULT NULL,
  `updated_at` datetime DEFAULT NULL,
  `updated_by` int(11) DEFAULT NULL,
  `deleted_at` datetime DEFAULT NULL,
  `deleted_by` int(11) DEFAULT NULL,
  `id_ac` int(11) NOT NULL,
  `nama_file` varchar(50) NOT NULL,
  `keterangan` text,
  `lokasi` varchar(200) DEFAULT NULL,
  PRIMARY KEY (`id`)
) ENGINE=InnoDB DEFAULT CHARSET=utf8 AUTO_INCREMENT=1 ;

--
-- Dumping data for table `ac_foto`
--


-- --------------------------------------------------------

--
-- Table structure for table `bengkel`
--

CREATE TABLE IF NOT EXISTS `bengkel` (
  `id` int(11) NOT NULL AUTO_INCREMENT,
  `created_at` timestamp NOT NULL DEFAULT CURRENT_TIMESTAMP,
  `created_by` int(11) DEFAULT NULL,
  `updated_at` datetime DEFAULT NULL,
  `updated_by` int(11) DEFAULT NULL,
  `deleted_at` datetime DEFAULT NULL,
  `deleted_by` int(11) DEFAULT NULL,
  `nama` varchar(200) NOT NULL,
  `jenis_usaha` varchar(200) NOT NULL,
  `deskripsi_usaha` text,
  `alamat` text,
  `kota` varchar(100) DEFAULT NULL,
  `id_kota` int(11) NOT NULL,
  `lokasi` varchar(200) DEFAULT NULL,
  `izin_usaha` varchar(200) DEFAULT NULL,
  `no_registrasi` varchar(100) DEFAULT NULL,
  `keanggotaan_asosiasi` varchar(200) DEFAULT NULL,
  `pemilik` varchar(200) NOT NULL,
  `penanggung_jawab` varchar(200) NOT NULL,
  `no_telp` varchar(50) DEFAULT NULL,
  `email` varchar(100) DEFAULT NULL,
  `peralatan` varchar(200) DEFAULT NULL,
  `teknisi_bnsp` int(11) DEFAULT '0',
  PRIMARY KEY (`id`)
) ENGINE=InnoDB  DEFAULT CHARSET=utf8 AUTO_INCREMENT=206 ;

--
-- Dumping data for table `bengkel`
--

INSERT INTO `bengkel` (`id`, `created_at`, `created_by`, `updated_at`, `updated_by`, `deleted_at`, `deleted_by`, `nama`, `jenis_usaha`, `deskripsi_usaha`, `alamat`, `kota`, `id_kota`, `lokasi`, `izin_usaha`, `no_registrasi`, `keanggotaan_asosiasi`, `pemilik`, `penanggung_jawab`, `no_telp`, `email`, `peralatan`, `teknisi_bnsp`) VALUES
(1, '2016-10-25 22:01:31', NULL, NULL, NULL, '2016-10-26 15:20:20', NULL, 'MAWAR', 'SERVIS', NULL, 'JL. MAWAR 88', 'BATAM', 94, NULL, 'APITU', '008', 'APITU', 'DZUL', 'DZUL', '082112785305', 'dzulfikrybilad@gmail.com', 'ALAT LAS, VACUUM', 1),
(2, '2016-10-25 22:03:14', NULL, NULL, NULL, '2016-10-26 15:20:20', NULL, 'MAWAR 88', 'SERVICE', NULL, 'JL MAWAR NO 88', 'BATAM', 94, NULL, 'TDP', '808', 'APITU', 'MAWAR', 'MAWAR', '081322166047', 'barata_imoy@yahoo.com', 'ALAT LAS VAKUM', 1),
(3, '2016-10-25 22:03:16', NULL, NULL, NULL, '2016-10-26 15:20:20', NULL, 'MAWAR 88', 'SERVICE', NULL, 'JL MAWAR NO 88', 'BATAM', 94, NULL, 'TDP', '808', 'APITU', 'MAWAR', 'MAWAR', '081322166047', 'barata_imoy@yahoo.com', 'ALAT LAS VAKUM', 1),
(4, '2016-10-25 22:08:17', NULL, NULL, NULL, '2016-10-26 15:20:20', NULL, 'BENGBENG', 'BENGKEL AC', NULL, 'JALAN GARUT NO 34 BATAM', 'BATAM', 94, NULL, 'TDP', '0074545', 'APITU', 'BENG SIAO', 'BENG SIAO', '000000007', 'hasoloanp@yahoo.com', 'VACUM PUMP,MANIFOLD,ALAT LAS', 1),
(5, '2016-10-25 23:09:03', NULL, NULL, NULL, '2016-10-26 15:20:20', NULL, 'KEN', 'SER', NULL, 'KO', 'DPL', 0, NULL, 'SIUP', '1375', 'APITU', 'TRI', 'TRI', '0285', 'ad', 'KIBR', 2),
(6, '2016-10-26 10:26:54', NULL, NULL, NULL, '2016-10-26 15:20:20', NULL, 'MIRAHDELIMA AC', 'REFRIGERATION', NULL, 'JL. MIRAH DELIMA III', 'JAKARTA', 0, NULL, 'SIUP', '12345', 'APITU', 'ANDREAS BARRY', 'VASTRADIANT', '081290856912', '', 'LAS, PIPE BENDER', 1),
(7, '2016-10-26 12:05:38', NULL, NULL, NULL, '2016-10-26 15:20:20', NULL, 'CV. JRE', 'MESIN PENDINGIN', NULL, 'JL. PEMBINA', 'PEKANBARU', 88, NULL, 'BNSP', '009', '5', 'ABDUL', 'AH', '082240505130', 'afrizaljaya21@gmail.com', '1', 1),
(8, '2016-10-26 12:05:38', NULL, NULL, NULL, '2016-11-03 01:08:54', 1, 'CV. JRE', 'MESIN PENDINGIN', NULL, 'JL. PEMBINA', 'PEKANBARU', 88, NULL, 'BNSP', '009', '5', 'ABDUL', 'AH', '082240505130', 'afrizaljaya21@gmail.com', '1', 1),
(9, '2016-10-26 12:13:52', NULL, NULL, NULL, NULL, NULL, 'MANDIRI TEKNIK', 'BENGKEL AC', NULL, 'KAPLINGAN DESA. CANDI REJO. KEC. PASIR PENYU. KAB. INDRAGIRI HULU', 'RIAU', 88, NULL, '-----', '-----', 'APITU', 'CHRISTIAN', 'CHRISTIAN', '082392188999', 'mandiriteknikamk@gmail.com', 'VAKUM', 0),
(10, '2016-10-26 12:14:41', NULL, NULL, NULL, NULL, NULL, 'DIVISI TEKNIK', 'BENGKEL AC', NULL, 'JL KEMBOJA INDAH BLOK F NO 7', 'PEKANBARU', 88, NULL, '---', '----', 'APITU DPD RIAU', 'YUSRIZAL', 'YUSRIZAL', '085837007300', 'rizal.divisi@gmail.com', 'MANIPOLGET, SPAYER , MESIN LAS,DLL', 0),
(11, '2016-10-26 12:15:12', NULL, NULL, NULL, '2016-10-26 15:20:20', NULL, 'SARANA SERVICE', 'SERVICE ,PERBAIKAN AC', NULL, 'JL.CEMARA KIPAS KAV.340', 'PEKANBARU', 88, NULL, 'SIUP', '0', 'APITU', 'YULI MUSTOFUDDIN', 'YULI MUSTOFUDDIN', '081371016912', 'saranaservicepekanbaru@yahoo.co.id', '2 UNIT', 1),
(12, '2016-10-26 12:15:12', NULL, NULL, NULL, NULL, NULL, 'SARANA SERVICE', 'SERVICE ,PERBAIKAN AC', NULL, 'JL.CEMARA KIPAS KAV.340', 'PEKANBARU', 88, NULL, 'SIUP', '0', 'APITU', 'YULI MUSTOFUDDIN', 'YULI MUSTOFUDDIN', '081371016912', 'saranaservicepekanbaru@yahoo.co.id', '2 UNIT', 1),
(13, '2016-10-26 12:15:22', NULL, NULL, NULL, '2016-10-26 15:20:20', NULL, 'HABIBIE ROOM AIRCONDITIONER SERVICES', 'JASA PENDINGIN', NULL, 'JLN.DUYUNG', 'PERAN BARU', 88, NULL, '0', '0', 'APITU', 'EDITYAWARMAN', 'EDITYAWARMAN', '085274955974', 'edityawarman74@gmail.co.id', 'JETPUMP, TANGGA, LAS', 0),
(14, '2016-10-26 12:15:22', NULL, NULL, NULL, NULL, NULL, 'HABIBIE ROOM AIRCONDITIONER SERVICES', 'JASA PENDINGIN', NULL, 'JLN.DUYUNG', 'PERAN BARU', 88, NULL, '0', '0', 'APITU', 'EDITYAWARMAN', 'EDITYAWARMAN', '085274955974', 'edityawarman74@gmail.co.id', 'JETPUMP, TANGGA, LAS', 0),
(15, '2016-10-26 12:15:43', NULL, NULL, NULL, '2016-10-26 15:20:20', NULL, 'KURNIA MANDIRI TEKNIK', 'AC DAN REFRIGERASI', NULL, 'JL.CEMPEDAK GG.CALTEK NO.65 D', 'PEKANBARU', 88, NULL, 'SKU KELURAHAN', '0', 'APITU', 'ACEP SUKMA', 'ACEP SUKMA', '081371938284', 'kurmatek6579@yahoo.com', '0', 1),
(16, '2016-10-26 12:15:43', NULL, NULL, NULL, NULL, NULL, 'KURNIA MANDIRI TEKNIK', 'AC DAN REFRIGERASI', NULL, 'JL.CEMPEDAK GG.CALTEK NO.65 D', 'PEKANBARU', 88, NULL, 'SKU KELURAHAN', '0', 'APITU', 'ACEP SUKMA', 'ACEP SUKMA', '081371938284', 'kurmatek6579@yahoo.com', '0', 1),
(17, '2016-10-26 12:16:38', NULL, NULL, NULL, NULL, NULL, 'ARMAN SERVICE', 'SERVICE ELOKTRO', NULL, 'JLN GARUDA SAKTI,KM 3', 'PEKAN BARU', 88, NULL, '0', '0', 'APITU', 'HARMANSAH', 'HARMANSAH', '081371736550', 'armey2712', 'VACUM', 0),
(18, '2016-10-26 12:17:54', NULL, NULL, NULL, NULL, NULL, 'CV. JRE', 'PENDINGIN', NULL, 'JL. LIM', 'PKU', 88, NULL, 'BPO', '0', '0', 'HAMID', 'ABDUL', '082240505130', 'afrizaljaya21@gmail.com', 'GGG', 2),
(19, '2016-10-26 12:18:03', NULL, '2016-11-03 01:05:11', 1, NULL, NULL, 'DEPARI TEKNIK', 'BENGKEL AC DAN KULKAS', '-', 'JL SEMBILANG', 'PEKANBARU', 88, '0.565652, 101.448630', '0', '0', 'APITU', 'AMRI SEMBIRING', 'AMRI SEMBIRING', '085275557157', 'deri_sembiring@yahoo.com', 'MESIN SERVIS DAN LAS', 1),
(20, '2016-10-26 12:18:31', NULL, NULL, NULL, NULL, NULL, 'ISOCOOL SERVICE', 'SERVICE AIR CONDITIONER', NULL, 'JL SATRIA 193 PEKANBARU', 'PEKANBARU', 88, NULL, 'SERVICE AIR CONDITIONER', '0', 'APITU', 'AGUS HERMAN', 'AGUS HERMAN', '081276021730', 'www.agusherman@yaho.com', 'ALAT SERVICE', 0),
(21, '2016-10-26 12:18:35', NULL, NULL, NULL, NULL, NULL, 'METRO TEKNIK', 'PENDINGIN DAN TATA UDARA', NULL, 'JL BELIMBING NO 2', 'PEKANBARU', 88, NULL, 'O', 'o', 'APITU', 'SIMARDIN', 'SIMARDIN', '081372147164', 'edo.raflessia@gmail.com', '3 UNIT', 3),
(22, '2016-10-26 12:19:05', NULL, NULL, NULL, NULL, NULL, 'KARYA MANDIRI', 'JASA SERVICE AC', NULL, 'JLN SENTOSA PERUM ALIFA BLOK H 16', 'P BARU', 88, NULL, '0', '0', 'APITU', 'SUEFRIZAL', 'SUEFRIZAL', '08127656325', 'suefrizal23@gmail.com', 'MESIN SERVICE AC,BOR,MANIFOLD,FLERING', 0),
(23, '2016-10-26 12:21:04', NULL, NULL, NULL, NULL, NULL, 'HARAPAN TEKNIK', 'MAINTENANCE AC', NULL, 'JL IMAM MUNANDAR NO 310', 'PEKANBARU', 88, NULL, 'MAINTENAN AC', '0', 'APITU', 'JOKO BAMBANG SULISTIYO', 'JOKO BAMBANG SULISTIYO', '085271988877', 'jokobambangsulistiyo@gmail.com', 'VACUM,TOOL SET, MANIFOL,LAS TEMBAGA', 0),
(24, '2016-10-26 12:21:37', NULL, NULL, NULL, NULL, NULL, 'CENTRAL TEKNIK', 'JASA DAN DAGANG', NULL, 'JALAN DURIAN NO 50', 'PEKAN BARU', 88, NULL, 'CV', '0', 'APITU', 'ZUL ASMAN', 'ZUL ASMAN', '081371665758', 'centraltekhnik.pku@gmail.com', 'MESIN CERVICE,FACUM BOR', 0),
(25, '2016-10-26 12:22:56', NULL, NULL, NULL, NULL, NULL, 'JOKO MARGONO AC', 'PASANG DAN SERVICE AC', NULL, 'JL.KEDONDONG RAYA UJUNG RT 03 RW 04 PANDAU JAYA KEC.SIAK HULU. KAB .KAMPAR. RIAU', 'KAMPAR', 80, NULL, 'KECAMATAN SIAK HULU', 'kecamatan siak hulu', 'APITU', 'GONO HANDOKO', 'GONO HANDOKO', '081272377369', 'handokoawalbros@yahoo.co.id', 'VAKUM ROBIN AIR 1PK = 2 UNIT, MESIN SPRAYER SANCIN 3 UNIT.', 3),
(26, '2016-10-26 12:23:33', NULL, NULL, NULL, NULL, NULL, 'CV. ROYAL LESTARI ENGINEERING', 'SERVICE AC', NULL, 'JL. MEKAR SARI GG. RAPI NO. 4', 'PEKANBARU', 88, NULL, 'SERVICE', '0', 'APITU', 'ADE INDRA', 'ADE INDRA', '081276366646', 'royallestari@gmail.com', 'MANIFOLD, VACUUM PUMP, STEAM JET CLEANER, FLEARING TOOL KIT', 1),
(27, '2016-10-26 12:24:50', NULL, NULL, NULL, NULL, NULL, 'BERDIKARI TEKHNIK', 'SERVICE AC', NULL, 'JLN BERDIKARI NO 37 RUMBAI', 'PEKAN BARU', 88, NULL, '0', '0', 'APITU', 'MARIANTO', 'MARIANTO', '085278571096', 'berdikaritekhnik@yahoo.com', '3', 0),
(28, '2016-10-26 12:25:16', NULL, NULL, NULL, '2016-11-06 07:37:39', 1, 'RAJA MAHKOTA TEKNIK', 'SERVICE AC', NULL, 'JL.SRI INDRA 2 B 03', 'PEKAN BARU', 88, NULL, '0', '0', 'APITU', 'RIKI', 'RIKI', '085278511157', 'rikimastoni81@yaho.com', 'MESIN SERVICE', 2),
(29, '2016-10-26 12:25:44', NULL, NULL, NULL, '2016-10-26 15:20:20', NULL, 'RIZKI JAYA TEKNIK', 'BENGKEL SERVICE', NULL, 'JL.KULIM GG.SD NO.9 KEL.KAMPUNG BARU .SENAPELAN', 'PEKANBARU', 88, NULL, '0', '0', 'APITU INDONESIA', 'ISWANDI', 'ISWANDI', '085375223224', 'wandiiswandi0@gmail.com', 'VAKUM PUMP.', 0),
(30, '2016-10-26 12:25:46', NULL, NULL, NULL, NULL, NULL, 'RIZKI JAYA TEKNIK', 'BENGKEL SERVICE', NULL, 'JL.KULIM GG.SD NO.9 KEL.KAMPUNG BARU .SENAPELAN', 'PEKANBARU', 88, NULL, '0', '0', 'APITU INDONESIA', 'ISWANDI', 'ISWANDI', '085375223224', 'wandiiswandi0@gmail.com', 'VAKUM PUMP.', 0),
(31, '2016-10-26 12:26:20', NULL, NULL, NULL, NULL, NULL, 'SSK ENGINEERING', 'SERVICE', NULL, 'CIPTA REGENCY BLOK G NO 8', 'BATAM', 94, NULL, 'CV', '0', 'APITU', 'SIDIK PRAMONO', 'SIDIK PRAMONO', '081364554364', 'sp.sidik@yahoo.com', 'VACUM PUMP. TOOL SET. POMPA SERVICE', 1),
(32, '2016-10-26 12:27:11', NULL, NULL, NULL, NULL, NULL, 'PT. MCQUAY TRITUNGGAL PRATAMA', 'DISTRIBUTOR AIR CONDITIONING', NULL, 'KOMPLEK RUKO PALM SPRING BLOK B1 NO. 18-19 BATAM CENTRE', 'BATAM', 94, NULL, '0', '0', 'APITU', 'SUGIYANTO', 'SUGIYANTO', '0778466643', 'info@mtpindo.com', 'TOOL BOX, VACUM PUMP, POMPA SERVICE, VACUM CLEANER', 0),
(33, '2016-10-26 12:27:48', NULL, NULL, NULL, '2016-10-26 15:20:20', NULL, 'TAEH MANDIRI TEKNIK', 'SERVICE, REPAIR,INSTALASI AC,KULKAS,FREEZER', NULL, 'PERUM.PRIMA GARDEN BLOK C NO 38 BATU AJI BATAM', 'BATAM', 94, NULL, 'TAEH MANDIRI TEKNIK', '08117005833', 'APITU & KHMK', 'MUHAMMAD YERIANTO', 'MUHAMMAD YERIANTO', '08117005833', 'm.yerianto@gmail.com', 'TOOLKIT SET', 1),
(34, '2016-10-26 12:27:49', NULL, NULL, NULL, NULL, NULL, 'PT.WAHANA BINTANG LIMA', 'SERVICE AC', NULL, 'RUKO SENAWANGI BLOK C NO 6 BATU AJI', 'BSTAM', 94, NULL, 'SIUP', 'no: 00768/ BPMPTSP/ BTM/ V/ 2016', 'APITU', 'JONIKESWARA', 'JONIKESWARA', '08126132584', 'pt.wahanabintang@yahoo.com', 'VACUM,MANIFOL DLL', 0),
(35, '2016-10-26 12:27:51', NULL, NULL, NULL, NULL, NULL, 'TAEH MANDIRI TEKNIK', 'SERVICE, REPAIR,INSTALASI AC,KULKAS,FREEZER', NULL, 'PERUM.PRIMA GARDEN BLOK C NO 38 BATU AJI BATAM', 'BATAM', 94, NULL, 'TAEH MANDIRI TEKNIK', '08117005833', 'APITU & KHMK', 'MUHAMMAD YERIANTO', 'MUHAMMAD YERIANTO', '08117005833', 'm.yerianto@gmail.com', 'TOOLKIT SET', 1),
(36, '2016-10-26 12:27:58', NULL, NULL, NULL, '2016-10-26 15:20:20', NULL, 'UNIQUESKILL TRAINING CENTER', 'PELATIHAN AC', NULL, 'PLAMO GARDEN BLOK K 6 NO 6 BATAM CENTER', 'BATAM', 94, NULL, '1222', '11111', 'MUSICOOL', 'PERTAMINA', 'PERTAMINA', '0', '2003yunesman@gmail.com', 'MANIFOLD,VACUM PUMP.TOOL SET', 0),
(37, '2016-10-26 12:28:00', NULL, NULL, NULL, NULL, NULL, 'UNIQUESKILL TRAINING CENTER', 'PELATIHAN AC', NULL, 'PLAMO GARDEN BLOK K 6 NO 6 BATAM CENTER', 'BATAM', 94, NULL, '1222', '11111', 'MUSICOOL', 'PERTAMINA', 'PERTAMINA', '0', '2003yunesman@gmail.com', 'MANIFOLD,VACUM PUMP.TOOL SET', 0),
(38, '2016-10-26 12:28:49', NULL, NULL, NULL, NULL, NULL, 'FUNNY AIRCOND TEKNIK MANDIRI', 'JASA SERVICE AC DAN JUAL BELI AC SEKOND DAN BARU', NULL, 'RUKO CENTRAL LEGENDA POINT BLOK C 12B', 'BATAM', 94, NULL, '0123456', 'funny ac', 'ASISI', 'ACHMAD ALEK', 'ACHMAD ALEK', '082170437026', 'achmadalek@gmail.com', 'VAKUM,ALAT STEAM,MANIFOL,TERMOMETER,TOLKIT LENGKAP', 0),
(39, '2016-10-26 12:30:31', NULL, NULL, NULL, NULL, NULL, 'CV.ANUGERAH TEKNIK MANDIRI', 'AIR CONDITIONER,ELECTRICAL', NULL, 'KOMPLEK GRAHA PERMATA INDAH CLUSTER DAHLIA BLOK A NO 9', 'BATAM', 94, NULL, 'SIUP', '0', 'KIMUNITAS HYDROCARBON MUSICOOL KEPRI', 'MARSUKI', 'MARSUKI', '081277555924', 'cvatmbtm@gmail.com', 'TOOL KIT', 4),
(40, '2016-10-26 12:30:56', NULL, NULL, NULL, '2016-11-03 01:09:14', 1, 'CV.INTERCOOL SOLUTIONS', 'SERVICE MESIN PENDINGIN', NULL, 'BENGKONG INDAH BLOK H 65', 'BATAM', 94, NULL, 'SIUP.TDP.DOMISILI USAHA', '002105082001', 'APITU INDONESIA', 'ISMARIZAL', 'ISMARIZAL', '081372680668', 'intercoolsolutions@yahoo.com', 'TOOL BAG.VAKUM.TANG AMPERE .SERTA SEMUA YG MENUNJANG UNTUK SERVICE', 1),
(41, '2016-10-26 12:31:49', NULL, NULL, NULL, NULL, NULL, 'BERMULAJAYATEKNIK', 'BENGKEL', NULL, 'GRIYAMEKARSARI BLK GB NO 15', 'BATAM', 94, NULL, 'MUSICOOL,APITU', 'A1', 'APITI,MUSICOOL', 'DEDIAMZA', 'DEDIAMZA', '085375514129', 'dediamza@yahoo.co.id', 'GRIYAMEKARSARI BLK GB NO 15', 0),
(42, '2016-10-26 12:32:39', NULL, NULL, NULL, '2016-10-26 15:20:20', NULL, 'CV.SIMSU JAYA', 'BENGKEL/WORKSHOP AC', NULL, 'BENGKONG BARU BLK F.NO. 23', 'BATAM', 94, NULL, 'NPWP', 'NPWP', 'KMHK', 'ANDUS SIMBOLON', 'ANDUS', '081272288810', 'jsimsu@yahoo.com', 'TOOL KIT SET', 0),
(43, '2016-10-26 12:32:39', NULL, NULL, NULL, NULL, NULL, 'CV.SIMSU JAYA', 'BENGKEL/WORKSHOP AC', NULL, 'BENGKONG BARU BLK F.NO. 23', 'BATAM', 94, NULL, 'NPWP', 'NPWP', 'KMHK', 'ANDUS SIMBOLON', 'ANDUS', '081272288810', 'jsimsu@yahoo.com', 'TOOL KIT SET', 0),
(44, '2016-10-26 12:32:52', NULL, NULL, NULL, NULL, NULL, 'RARA SUKSES', 'SERVICE AC', NULL, 'BENGKONG PERTIWI D1 NO 17', 'BATAM', 94, NULL, 'SERVICE', '0', 'APITU,KHMK', 'DERA KURNIAWAN', 'DERA KURNIAWAN', '081364182312', 'travelrara@gmail.com', 'VACUM,TOOLKIT', 1),
(45, '2016-10-26 12:33:09', NULL, NULL, NULL, NULL, NULL, 'CV.BAHANA TEKNIK UTAMA', 'PERDAGANGAN DANJASA AIR CONDITIONER', NULL, 'RUKO PLAZA NASA POINT BLOK A/18', 'BATAM', 94, NULL, 'PERDAGANGAN DAN JASA', '0', 'APITU INDONESIA. COMUNITAS MUSICOOL KEPRI', 'DELFAYANDI', 'DELFAYANDI', '081277258025', 'delfayandi@gmail.com', 'TOOL KIT. POMPA SERVICE. VACUM. MANIFOLD. BOR', 1),
(46, '2016-10-26 12:33:32', NULL, NULL, NULL, NULL, NULL, 'BINTANG AC BATAM', 'BERGERAK DI BIDANG JASA SERVICE DAN PENJUALAN DI BIDANG TEKNIK PENDINGIN DAN TATA UDARA UNTUK KEBUTUHAN PERUMAHAN, PERTOKOHAN, ORGANISASI, INSTANSI, INDUSTRI, DAN MARINE', NULL, 'RUKO PONDOK INDAH BLOK A2 NMR 04 SIMPANG KARA BATAM', 'BATAM', 94, NULL, 'DLM PENGURUSAN', 'dlm pengurusan', 'ASISI DAN KHMK KEPRI', 'DERI ZULKIFLI,S.T', 'DERI ZULKIFLI,S.T', '081364494222', 'bintangac89@yahoo.com', 'FULL SET', 0),
(47, '2016-10-26 12:33:40', NULL, NULL, NULL, NULL, NULL, 'LUBUK AUR SERVICE', 'SERVICE AC / TATA UDARA', NULL, 'JL. RANAI NO. 12 BENGKONG OTORITA   BATAM', 'BATAM', 94, NULL, 'SIUP', '.', 'APITU DPD KEPRI', 'SALNOFRI. ST', 'SALNOFRI. ST', '081270028001', 'giatgigihsukses@gmail.com', 'TOOL KIT, VAKUM, STEAM.', 2),
(48, '2016-10-26 12:33:59', NULL, NULL, NULL, '2016-10-26 15:20:20', NULL, 'ASRIL SERVICE', 'JASA PERBAIKAN & PERAWATAN PENDINGIN', NULL, 'PURI AGUNG 3 BLOK B5 NO. 53', 'BATAM', 94, NULL, '0', '0', '0', 'ASRIL RAIS', 'ASRIL RAIS', '082174642143', 'asrilservice@gmail.com', 'TOOL KIT SET', 0),
(49, '2016-10-26 12:34:02', NULL, NULL, NULL, NULL, NULL, 'ASRIL SERVICE', 'JASA PERBAIKAN & PERAWATAN PENDINGIN', NULL, 'PURI AGUNG 3 BLOK B5 NO. 53', 'BATAM', 94, NULL, '0', '0', '0', 'ASRIL RAIS', 'ASRIL RAIS', '082174642143', 'asrilservice@gmail.com', 'TOOL KIT SET', 0),
(50, '2016-10-26 12:34:12', NULL, NULL, NULL, NULL, NULL, 'AZMARTECH', 'SERVICE AC', NULL, 'GRIYA BATU AJI ASRI BLOK V3.NO.6', 'BATAM', 94, NULL, 'ANDI RAHMAN', '1234', 'APITU/MUSICOOL', 'ANDIRAHMAN', 'ANDIRAHMAN', '085376810280', 'andirahman78@gmail.com', 'TOOL KIT', 0),
(51, '2016-10-26 12:34:16', NULL, NULL, NULL, '2016-10-26 15:20:20', NULL, 'RAJA MAHKOTA TEKNIK', 'SERVICE AC', NULL, 'JL. SRI INDRA 2 B 03', 'PEKAN BARU', 88, NULL, '0', '0', 'APITU', 'RIKI MASTONI', 'RIKI MASTONI', '085278511157', 'rikimastoni@yahoo.com', 'MESIN SERVICE', 2),
(52, '2016-10-26 12:34:19', NULL, NULL, NULL, NULL, NULL, 'RAJA MAHKOTA TEKNIK', 'SERVICE AC', NULL, 'JL. SRI INDRA 2 B 03', 'PEKAN BARU', 88, NULL, '0', '0', 'APITU', 'RIKI MASTONI', 'RIKI MASTONI', '085278511157', 'rikimastoni@yahoo.com', 'MESIN SERVICE', 2),
(53, '2016-10-26 12:34:32', NULL, NULL, NULL, NULL, NULL, 'CV.ARDI', 'HVAC', NULL, 'PERUM GALAXI PARK A3 NO14', 'BATAM', 94, NULL, 'A1', 'a1', 'APITU', 'ARDIANSYAH', 'ARDIANSYAH', '081364375608', 'ardihotwater@gmail.com', 'GALAXI PARK A3 NO 14', 1),
(54, '2016-10-26 12:35:15', NULL, NULL, NULL, NULL, NULL, 'JASAMANDIRI AC', 'SERVICE AC', NULL, 'TEMBESI', 'BATAM', 94, NULL, 'SIUP', '2010', 'APITU', 'RANTO AMAN', 'RANTO AMAN', '081372193491', 'jasamandiri8@gmail.com', 'TOOLSET', 1),
(55, '2016-10-26 12:35:39', NULL, NULL, NULL, NULL, NULL, 'BANDARA HANG NADIM', 'AIRPORT SERVICE', NULL, 'JL.HANG NADIM NO.1 BATU BESAR NONGSA', 'BATAM', 94, NULL, 'BANDAR UDARA', '1234567890', 'APITU', 'MOCHAMAD HANIF', 'MOCHAMAD HANIF', '081364487701', 'mochamadhanif@ymail.com', 'VACUM PUMP, AVO METER, MANIFOLD GAUGE DAN TOOLS', 0),
(56, '2016-10-26 12:35:57', NULL, NULL, NULL, NULL, NULL, 'CV OYAMA SERVICE', 'PENDINGIN RUANGAN', NULL, 'RUKO LOTUS GARDEN BLK AANO 12', 'BATAM', 94, NULL, 'SIUP  / TDP / AKTA PENDIRIAN', '02700/BPM/BTM/PK/III/2014', 'APITU DPD KEPRI', 'PELITA KETAREN', 'PELITA KETAREN', '0778467828', 'oyamaac@yahoo.com', 'TOOL KIT SET', 1),
(57, '2016-10-26 12:36:58', NULL, NULL, NULL, NULL, NULL, 'SAGO SAKTI EGENERING', 'MEKANIKAL ELECTRIKAL', NULL, 'KOMPLEK RUKO GRAND BSI BLOK A1 NO 5 BATAM KOTA', 'BATAM', 94, NULL, 'CV', '124667890865', 'APITU', 'ISKANDAR', 'ISKANDAR', '08127423224', 'andar88@gmail.com', 'MANIFOLDGATE ..CLAM METER', 2),
(58, '2016-10-26 12:38:21', NULL, NULL, NULL, '2016-10-26 15:20:20', NULL, 'CV DINCO MAHKOTA TEKNIK TG PINANG KEPRI', 'KONTRAKTOR ALAT PENDINGIN', NULL, 'JLN ADI SUCIPTO KM 10 TG PINANG', 'TG PINANG KEPRI', 95, NULL, 'REPARASI AC', '0', 'APITU', 'SUWITO', 'SUWITO', '08127064143', 'dincomahkotateknik.tpi@yahoo.co.id', 'PERLENGKAPAN REPARASI DAN INSTALASI', 1),
(59, '2016-10-26 12:38:21', NULL, NULL, NULL, NULL, NULL, 'CV DINCO MAHKOTA TEKNIK TG PINANG KEPRI', 'KONTRAKTOR ALAT PENDINGIN', NULL, 'JLN ADI SUCIPTO KM 10 TG PINANG', 'TG PINANG KEPRI', 95, NULL, 'REPARASI AC', '0', 'APITU', 'SUWITO', 'SUWITO', '08127064143', 'dincomahkotateknik.tpi@yahoo.co.id', 'PERLENGKAPAN REPARASI DAN INSTALASI', 1),
(60, '2016-10-26 12:40:14', NULL, '2016-11-03 01:02:44', 1, NULL, NULL, 'ELMUND ESTU TEKNIK', 'PENGADAAN DAN JASA SERVIS AC', '-', 'JLN. KASNARIANSYAH KM.5', 'PALEMBANG', 132, '-2.957062,104.732192', '0', '0', 'APITU', 'M. NURDIN', 'M. NURDIN', '081373661666', 'dindinteknik.aircon@gmail.com', 'MESIN VACCUM, SERVICE MANIFOLD, TANG AMPERE, DLL', 0),
(61, '2016-10-26 12:58:10', NULL, NULL, NULL, NULL, NULL, 'CV.INTERCOOL SOLUTIONS', 'SERVICE MESIN PENDINGIN', NULL, 'BENGKONG INDAH ATAS BLOK H 65', 'BATAM', 94, NULL, 'SIUP .TDP .DOMISILI', '002102051978', 'APITU INDONESIA', 'ISMARIZAL', 'ISMARIZAL', '081372680668', 'intercoolsolutions@yahoo.com', 'TOOL BAG.TANG AMPERE.VAKUM SERTA ALAT PENDUKUNG LAINNYA', 1),
(62, '2016-10-26 12:59:34', NULL, NULL, NULL, NULL, NULL, 'TOP AC', 'BENGKEL', NULL, 'MEGA LEGENDA BLOK E3 NO 15', 'BATAM KOTA', 94, NULL, '08117008847', '07787433485', 'APITU', 'ZULNAIDI', 'ZULNAIDI', '08117008847', 'topacbata21@gmail.com', 'MESIN VACUM. MESIN STIM  BOR. COMPRESOR AGIN DLL', 1),
(63, '2016-10-26 14:10:08', NULL, NULL, NULL, '2016-10-26 15:20:20', NULL, 'AGUS', 'PENYEDIA BARANG DAN JASA', NULL, 'JL RATUSIANUM LR.PANCA MAKMUR', 'PALEMBANG', 132, NULL, '0', '0', 'APITU', 'AGUS', 'AGUS', '081367322955', 'agusjacub@gmail com', 'STEAM,VACUM,ALAT LAS', 0),
(64, '2016-10-26 14:10:11', NULL, NULL, NULL, NULL, NULL, 'AGUS', 'PENYEDIA BARANG DAN JASA', NULL, 'JL RATUSIANUM LR.PANCA MAKMUR', 'PALEMBANG', 132, NULL, '0', '0', 'APITU', 'AGUS', 'AGUS', '081367322955', 'agusjacub@gmail com', 'STEAM,VACUM,ALAT LAS', 0),
(65, '2016-10-26 14:38:37', NULL, NULL, NULL, NULL, NULL, 'GUNUNG BIRU SERVIS', 'BENGAKEL', NULL, 'JLN.MUARA TELADAN RT 33 RW.10. LINGKUNGAN 3 DEPAN RUMAH A''ET  KEL.BALAI AGUNG', 'SEKAYU-MUBA', 117, NULL, '00000000000000000', '00000000000000000', 'APITU', 'NOVIAN ANTONIUS', 'NOVIAN ANTONIUS', '081368075151', 'gunung.biru100@gmail.com', 'JLN.MUARA TELADAN RT 33 RW 10 LINGKUNGAN 3 DEPAN RUMAH A''ET KEL.BALAI AGUNG KEC.SEKAYU-MUBA', 0),
(66, '2016-10-26 14:48:49', NULL, NULL, NULL, NULL, NULL, 'PT.GOBEL DHARMA NUSANTARA', 'SERVICE', NULL, 'JL.BASUKI RAHMAD NO.12 PALEMBANG', 'PALEMBANG', 132, NULL, 'PERSEROAN', '0', 'APITU', 'RAHMAD GOBEL', 'SUPRAYITNO', '0711310854', 'suprayitno@service-gdn.co.id', 'VACUM', 0),
(67, '2016-10-26 14:53:06', NULL, NULL, NULL, NULL, NULL, 'CV TIGA PUTRA MANDIRI', 'JASA DAN PENGADAAN AC', NULL, 'JLN TAQWA KOMP GHP III BLOK D12', 'PALEMBANG', 132, NULL, 'ADA', '03.194.123.0.301.000', 'APITU DPD SUMSEL', 'DJUNIANTO', 'DJUNIANTO', '08127837377', 'cvtigaputram@yahoo.com', 'STANGLAS.MANIPOL.TANGAMPER.DANALAT KERJA LAINNYA', 1),
(68, '2016-10-26 14:54:06', NULL, NULL, NULL, '2016-10-26 15:20:20', NULL, 'RADIT TEHNIK', 'SERVIS AC', NULL, 'JLN.SRIMULYA KOMPLEK GRIASRIMULYA BLOK AD17', 'PALEMBANG', 132, NULL, '0', '0', 'APITU', 'EFRI SUSANTO', 'EFRI SUSANTO', '082177774561', 'efrisusanto88@gmail.com', 'STIM AC,VACUM,TANGGA', 0),
(69, '2016-10-26 14:54:06', NULL, NULL, NULL, NULL, NULL, 'RADIT TEHNIK', 'SERVIS AC', NULL, 'JLN.SRIMULYA KOMPLEK GRIASRIMULYA BLOK AD17', 'PALEMBANG', 132, NULL, '0', '0', 'APITU', 'EFRI SUSANTO', 'EFRI SUSANTO', '082177774561', 'efrisusanto88@gmail.com', 'STIM AC,VACUM,TANGGA', 0),
(70, '2016-10-26 14:55:01', NULL, NULL, NULL, '2016-10-26 15:20:20', NULL, 'COOL TEKNIK', 'SERVICE DAN PENGADAAN', NULL, 'JLN LINTAS TIMUR DESA TUGU JAYA', 'KAYUGUNG', 125, NULL, '0', '0', 'APITU', 'AZIS DARYANTO', 'AZIS DARYANTO', '081379515076', 'coolteknikrg@gmail.com', 'TANG AMPER, FACUM PUM, TERMOMETE ROM, TERMOMETER GAN/TEMBAK. TOL BOX, KONCI KONCI.', 0),
(71, '2016-10-26 14:55:04', NULL, NULL, NULL, NULL, NULL, 'COOL TEKNIK', 'SERVICE DAN PENGADAAN', NULL, 'JLN LINTAS TIMUR DESA TUGU JAYA', 'KAYUGUNG', 125, NULL, '0', '0', 'APITU', 'AZIS DARYANTO', 'AZIS DARYANTO', '081379515076', 'coolteknikrg@gmail.com', 'TANG AMPER, FACUM PUM, TERMOMETE ROM, TERMOMETER GAN/TEMBAK. TOL BOX, KONCI KONCI.', 0),
(72, '2016-10-26 15:02:00', NULL, NULL, NULL, '2016-10-26 15:20:20', NULL, 'CV.MAJU BERSAMA', 'SERVICE AC & ELEKTRONIK', NULL, 'JL.GURU HARUN KM 14', 'BANYUASIN', 117, NULL, 'ADA', '70.000.538.2-301.000', 'APITU', 'IVAN SURYADI', 'IVAN S', '08127300216', 'ivan.suryadi88@yahoo.com', 'LENGKAP', 0),
(73, '2016-10-26 15:02:02', NULL, NULL, NULL, NULL, NULL, 'CV.MAJU BERSAMA', 'SERVICE AC & ELEKTRONIK', NULL, 'JL.GURU HARUN KM 14', 'BANYUASIN', 117, NULL, 'ADA', '70.000.538.2-301.000', 'APITU', 'IVAN SURYADI', 'IVAN S', '08127300216', 'ivan.suryadi88@yahoo.com', 'LENGKAP', 0),
(74, '2016-10-26 15:02:06', NULL, '2016-11-03 01:03:27', 1, NULL, NULL, 'CENTRAL AC', 'JASA PERBAIKAN', '-', 'JLN BALAP SEPEDA LR MUHAJIRIN 4 RT 43 NO 5000', 'PALEMBANG', 132, '-2.976528,104.733134', '0', '0', 'APITU', 'MUHAMAD IKHSAN', 'MUHAMAD IKHSAN', '081273085000', 'ikhsan.centralac@gmail.com', 'VACUM PUMP,TOOLS', 1),
(75, '2016-10-26 15:03:05', NULL, NULL, NULL, '2016-10-26 15:20:20', NULL, 'SETYA TEKNIK', 'JASA SERVIS & PEMASANGAN. AC .KULKAS', NULL, 'SUKASARI .MESUJI RAYA .OKI', 'PALEMBANG', 132, NULL, '0', 'o', 'APITU', 'TITO WIBOWO', 'SDA', '082126388095', 'tito wibowo 82 @ smail com', 'MANIFOL DLL', 0),
(76, '2016-10-26 15:03:07', NULL, NULL, NULL, NULL, NULL, 'SETYA TEKNIK', 'JASA SERVIS & PEMASANGAN. AC .KULKAS', NULL, 'SUKASARI .MESUJI RAYA .OKI', 'PALEMBANG', 132, NULL, '0', 'o', 'APITU', 'TITO WIBOWO', 'SDA', '082126388095', 'tito wibowo 82 @ smail com', 'MANIFOL DLL', 0),
(77, '2016-10-26 15:03:09', NULL, NULL, NULL, '2016-10-26 15:20:20', NULL, 'BUDI AC', 'PERORANGAN', NULL, 'JLN.LINTAS TIMUR DABUK REJO KEC.LEMPUING KAB.OKI', 'KAYUAGUNG', 125, NULL, '00000', '0000000', 'APITU', 'BUDI YONO', 'BUDI YONO', '081373633418', 'budichafidh.ac@gmail.com', 'KELENGKAPAN ALAT SERVIS AC DAN KULKAS DLL', 1),
(78, '2016-10-26 15:03:13', NULL, NULL, NULL, '2016-10-26 15:20:20', NULL, 'BUDI AC', 'PERORANGAN', NULL, 'JLN.LINTAS TIMUR DABUK REJO KEC.LEMPUING KAB.OKI', 'KAYUAGUNG', 125, NULL, '00000', '0000000', 'APITU', 'BUDI YONO', 'BUDI YONO', '081373633418', 'budichafidh.ac@gmail.com', 'KELENGKAPAN ALAT SERVIS AC DAN KULKAS DLL', 1),
(79, '2016-10-26 15:03:14', NULL, NULL, NULL, NULL, NULL, 'BUDI AC', 'PERORANGAN', NULL, 'JLN.LINTAS TIMUR DABUK REJO KEC.LEMPUING KAB.OKI', 'KAYUAGUNG', 125, NULL, '00000', '0000000', 'APITU', 'BUDI YONO', 'BUDI YONO', '081373633418', 'budichafidh.ac@gmail.com', 'KELENGKAPAN ALAT SERVIS AC DAN KULKAS DLL', 1),
(80, '2016-10-26 15:10:29', NULL, NULL, NULL, NULL, NULL, 'RIZKY AC', 'SERVIS DAN PEMASANGAN', NULL, 'JLN. GANESHA', 'BATURAJA', 126, NULL, '0', '0', 'APITU', 'BENNY WAHYUDI', 'BENNY WAHYUDI', '081370875335', 'panapani016@gmail', 'LENGKAP', 0),
(81, '2016-10-26 17:29:23', NULL, NULL, NULL, NULL, NULL, 'AWAL TEKNIK', 'AIR CONDITIONER', NULL, 'JLN INPRES', 'PEKANBARU', 88, NULL, 'KELURAHAN', '012345', 'APITU', 'TRISNO SAPUTRA', 'TRISNO SAPUTRA', '08126825128', '', 'KURANG LENGKAP', 2),
(82, '2016-10-26 17:49:19', NULL, NULL, NULL, NULL, NULL, 'PT. BECOOL INDONESIA', 'SALES, REPAIR AND MAINTENANCE', NULL, 'LOTUS GARDEN BLK AA. NO. 11 BATAM CENTER', 'BATAM', 94, NULL, 'IZIN USAHA PERDAGANGAN', '00166/Perindag-BTM/PM/III/2012', 'APITU DPD KEPRI', 'DELFIANTO', 'DELFIANTO', '0778462881', 'pt.becool.indonesia@gmail.com', 'VACUUM MANIFOLD', 2),
(83, '2016-10-26 18:40:41', NULL, NULL, NULL, NULL, NULL, 'MANDIRI TEKNIK', 'AC', NULL, 'PERUM RIAU BERTUAH 2 BLOK G NO 31', 'BATAM', 94, NULL, 'JASA', '86194', 'ASISI', 'KRISTIAN HANAFI', 'KRISTIAN HANAFI', '081267050681', 'hanaf418@gmail.com', 'STEAM.TANG AMPERE.TANGGA.MANIFOL.', 0),
(84, '2016-10-27 11:26:57', NULL, NULL, NULL, NULL, NULL, 'SINAR MANDIRI', 'AC', NULL, 'TG PIAYU', 'BATAM', 94, NULL, 'SIUP', '0', 'MUSI COOL', 'IROMI MULTIA', 'IROMI MULTIA', '082284884341', 'romi.multia@gmail.com', 'TOOL KIT', 1),
(85, '2016-10-27 11:37:15', NULL, NULL, NULL, NULL, NULL, 'PT JAYA TEKNIK EBEL', 'SERVICE DAN PENJUALAN SPARE PART', NULL, 'JLN KULIM 14C', 'PEKANBARU', 88, NULL, 'UD SUPER TEKNIK', '0', 'APITU', 'FINDEY H.', 'FINDEY H', '0811764778', 'superteknik_pku@yahoo.com', 'ALAT CUCI', 4),
(86, '2016-10-28 12:32:27', NULL, NULL, NULL, NULL, NULL, 'CV.IBRAHIM KARYA MANDIRI', 'TEKNIK PENDINGIN DAN TATA UDARA', NULL, 'JL BELIMBING NO 2 KEL. WONOREJO KEC. MARPOYAN DAMAI', 'PEKANBARU', 88, NULL, 'BADAN PELAYANAN TERPADU DAN PENANAMAN MODAL', '415/K.04.01/BPTPM/II/2016', 'APITU', 'SIMARDIN', 'SIMARDIN', '081371810868', 'edo.raflessia@gmail.com', '2', 0),
(87, '2016-10-28 12:37:09', NULL, NULL, NULL, NULL, NULL, 'INAYAH ELEKTRONIK /CV.PUTRA KISARAN MANDIRI', 'CV.PUTRA KISARAN MANDIRI', NULL, 'JL.CEMPEDAK NO.41E KEC.MARPOYAN DAMAI KEL.WONOREJO PEKANBARU', 'PEKANBRU', 88, NULL, 'SIUP', '224/BPT 04.01/II/2015', 'APITU', 'ISMAIL ABDUL RAHMAN SIREGAR ,S.T', 'ISMAIL ABDUL RAHMAN SIREGAR ,S.T', '085278659636', 'cvputrakisaranmandiri@yahoo.co.id', 'MANIFOLD,VACUM,MESIN SERVICE ,TANG AMPERE ,MULTI TESTER', 1),
(88, '2016-10-28 12:41:21', NULL, NULL, NULL, '2016-11-06 07:35:58', 1, 'BADAN LINGKUNGAN HIDUP PROVINSI SUMATERA UTARA', 'PEMERINTAH PROVINSI SUMATERA UTARA', NULL, 'JL. T. DAUD NO. 05', 'MEDAN', 51, NULL, 'PEMERINTAH PROVINSI', '-', 'KEMENTERIAN LINGKUNGAN HIDUP DAN KEHUTANAN', 'PROVINSI SUMATERA UTARA', 'KEPALA BADAN LINGKUNGAN HIDUP', '+62614537050', 'blh@sumutprov.go.id', 'MONITORING DAN EVALUASI', 200),
(89, '2016-10-28 12:51:08', NULL, NULL, NULL, NULL, NULL, 'METRO RAYA', 'JASA', NULL, 'JLN. CIPTA KARYA', 'PEKANBARU', 88, NULL, 'CV', '9', 'APITU', 'ILHAMHU', 'ILHAMHU', '081275838285', 'metrorayatehnik@gmail.com', 'STANDAR', 2),
(90, '2016-10-29 08:35:04', NULL, NULL, NULL, '2016-11-02 04:21:24', 1, 'PANGERAN SERVICE', 'JASA SERVICE', NULL, 'JALAN GARUDA SAKTI KM 2.5', 'PEKANBARU', 88, NULL, 'US', '0', 'APITU', 'APRIJON', 'APRIJON', '881365728020', '0', '2 SET MESIN SERVIS..BOR .MESIN LAS.MANIPOL..TOLKIT LENGKAP', 0),
(91, '2016-10-29 22:22:08', NULL, NULL, NULL, NULL, NULL, 'PANGERAN SERVICE', 'JASA AC', NULL, 'JL. GARUDA SAKTI KM 2.5', 'PEKANBARU', 88, NULL, 'USAHA DAGANG', '02860', 'APITU', 'APRIJON COKI', 'APRIJON COKI', '081365728020', 'cokiaprijon@gmail.com', '2SET MESIN SERVICE, 1SET ALAT LAS, 2SET TOOLKIT,1UNIT MESIN FACUM,MANIPOL,BOR', 0),
(92, '2016-10-29 22:22:08', NULL, NULL, NULL, '2016-11-02 04:21:28', 1, 'PANGERAN SERVICE', 'JASA AC', NULL, 'JL. GARUDA SAKTI KM 2.5', 'PEKANBARU', 88, NULL, 'USAHA DAGANG', '02860', 'APITU', 'APRIJON COKI', 'APRIJON COKI', '081365728020', 'cokiaprijon@gmail.com', '2SET MESIN SERVICE, 1SET ALAT LAS, 2SET TOOLKIT,1UNIT MESIN FACUM,MANIPOL,BOR', 0),
(93, '2016-11-02 00:13:45', NULL, NULL, NULL, '2016-11-02 04:21:34', 1, 'A', 'A', 'A', 'A', NULL, 462, NULL, 'A', 'a', 'A', 'A', 'A', '0', 'a', 'A', 3),
(94, '2016-11-02 00:23:23', NULL, NULL, NULL, '2016-11-02 04:21:42', 1, 'A', 'A', 'A', 'A', NULL, 462, NULL, 'A', 'a', 'A', 'A', 'A', '085242321732', 'a', 'A', 3),
(95, '2016-11-02 00:23:25', NULL, NULL, NULL, '2016-11-02 04:21:46', 1, 'A', 'A', 'A', 'A', NULL, 462, NULL, 'A', 'a', 'A', 'A', 'A', '085242321732', 'a', 'A', 3),
(96, '2016-11-02 00:25:17', NULL, NULL, NULL, '2016-11-02 04:21:38', 1, 'A', 'A', 'A', 'A', NULL, 462, NULL, 'A', 'a', 'A', 'A', 'A', '085242321732', 'a', 'A', 1),
(97, '2016-11-02 00:28:43', NULL, NULL, NULL, '2016-11-02 04:21:49', 1, 'A', 'A', 'A', 'A', NULL, 462, NULL, 'A', 'a', 'A', 'A', 'A', '085242321732', 'a', 'A', 1),
(98, '2016-11-02 11:14:01', NULL, NULL, NULL, NULL, NULL, 'BIMA TEKNIK', 'SERVICE AC', 'SERVICE AC', 'GRAHA PUNCAKANOMSARI B3 / 34', NULL, 242, NULL, '-', '-', 'APITU', 'SUDARTO', 'SUDARTO', '085606673857', 'bimatekniksurabaya@gmail.com', 'REFRIGRASI TOOLS', 0),
(99, '2016-11-02 11:15:05', NULL, NULL, NULL, '2016-11-02 04:21:12', 1, 'HAMDAN SAHLABY', 'BENGKEL AC', '', 'JL.PETUKANGAN TENGAH NO 19', NULL, 274, NULL, 'BENGKEL AC', '000', 'APITU', 'HAMDAN SAHLABY', 'HAMDAN SAHLABY', '082145495553', '', 'TOOL SET,VAKUM,MANIFOLD', 0),
(100, '2016-11-02 11:15:31', NULL, NULL, NULL, NULL, NULL, 'ANUGERAH TEKNIK', 'SERVICE AC', 'SERVICE AC. PERAWATAN. BONGKAR PASANG & PENJUALAN SPARE PART PENDINGIN RUANGAN', 'KEBALEN KULON 3 NO 19', NULL, 274, NULL, 'UD', '12356789', 'APITU JATIM', 'SUNAN', 'SUNAN', '083830662008', 'walisunan47@yahoo.com', 'STEAM TOOLS KOMPLITS', 0),
(101, '2016-11-02 11:16:00', NULL, NULL, NULL, '2016-11-02 04:21:01', 1, 'HAMDAN SAHLABY', 'BENGKEL AC', '', 'JL.PETUKANGAN TENGAH NO 19', NULL, 274, NULL, 'BENGKEL AC', '000', 'APITU', 'HAMDAN SAHLABY', 'HAMDAN SAHLABY', '082145495553', '', 'TOOL SET,VAKUM,MANIFOLD', 0),
(102, '2016-11-02 11:16:02', NULL, '2016-11-06 07:37:08', 1, NULL, NULL, 'HAMDAN SAHLABY', 'BENGKEL AC', '-', 'JL.PETUKANGAN TENGAH NO 19', NULL, 274, '-7.28742, 112.76546', 'BENGKEL AC', '000', 'APITU', 'HAMDAN SAHLABY', 'HAMDAN SAHLABY', '082145495553', '', 'TOOL SET,VAKUM,MANIFOLD', 0),
(103, '2016-11-02 11:17:22', NULL, NULL, NULL, NULL, NULL, 'ANUGRAH TEKNIK', 'JASA PERBAIKAN PENDINGIN RUANGAN', 'SERVICE AC. PERAWATAN. BONGKAR PASANG & PENJUALAN SPARE PART PENDINGIN RUANGAN', 'KEBALEN KULON 3/19', NULL, 274, NULL, 'UD', '85648115261', 'APITU', 'SUNAN ROHMAN', 'ARI PURNAMA', '089682377479', '', 'ALAT BONGKAR PASANG AC. ALAT CUCI& MAINTENANCE AC.', 2),
(104, '2016-11-02 11:18:38', NULL, NULL, NULL, NULL, NULL, 'CV. CAHYA SENTOSA', 'BENGKEL AC', 'SERVICE AC, JUAL BELI AC,', 'PACARKELING 3 NO 11', NULL, 274, '-7.2598355, 112.7581507', 'SIUPM TDP', '0', 'APITU', 'SLAMET SUHARJO', 'SLAMET SUHARJO', '0811343576', 'slametsuharjo1@gmail.com', 'ALAT LAS, MESIN VACUM, MANIFOLD, FLARING TOOL, TANG AMPERE,BOR DRILL', 1),
(105, '2016-11-02 11:19:10', NULL, NULL, NULL, '2016-11-02 04:20:52', 1, 'DAIICHI TEKNIK', 'PENDINGIN AND CUSTOM', 'BENGKEL', 'PERUM.SURYA ASRI 2 BLK F2/43', NULL, 260, NULL, 'BENGKEL PENDINGIN', '0', 'APITU', 'RIDWAN TAUFIK', 'RIDWAN TAUFIK', '081331676996', '0', 'TOOL SET,VAKUM,MANIVOL,CLENING,0', 0),
(106, '2016-11-02 11:19:12', NULL, NULL, NULL, NULL, NULL, 'DAIICHI TEKNIK', 'PENDINGIN AND CUSTOM', 'BENGKEL', 'PERUM.SURYA ASRI 2 BLK F2/43', NULL, 260, NULL, 'BENGKEL PENDINGIN', '0', 'APITU', 'RIDWAN TAUFIK', 'RIDWAN TAUFIK', '081331676996', '0', 'TOOL SET,VAKUM,MANIVOL,CLENING,0', 0),
(107, '2016-11-02 11:19:54', NULL, NULL, NULL, NULL, NULL, 'TEKNIK PENDINGIN & TATA UDARA', 'UNIT PRODUKSI & JASA', 'BENGKEL TEK.PENDINGIN TATA UDARA MERUPAKAN SALAH SATU JURUSAN YANG ADA DI SMKN 1 CERME GRESIK. SELAIN MENJADI LEMBAGA PENDIDIKAN, DI BENGKEL INI JUGA MENYEDIAKAN UNIT JASA YAITU SERVIS AC.', 'JL. JURIT KEC.CERME,KAB.GRESIK', NULL, 242, NULL, 'SERVIS AC,LEMARI ES, FREEZER.', '0', 'API', 'DRS. YOYOK TRI HARYOKO', 'DRS. YOYOK TRI HARYOKO', '085100227386', 'bkksmkn1cerme@gmail.com', 'MANIFOLD,POMPA VAKUM,JET PUM, HANDS TOOLS.', 0),
(108, '2016-11-02 11:22:21', NULL, NULL, NULL, NULL, NULL, 'CV ADI TEKNIK', 'MECHANIKAL ELEKTRIKAL', 'MEKANIKAL DAN ELEKTRIKAL \nAC CHILLER COLDSTORAGE', 'JL. KEDINDING LOR GG. DAHLIA NO.28', NULL, 274, NULL, 'SIUP', '1234', 'APITU', 'KURNIAWAN', 'KURNIAWAN', '081357914999', 'kurniawan.madina@gmail.com', 'VACCUM POMPA CLEANER WELDING TORCH DAN LAIN2', 1),
(109, '2016-11-02 11:22:21', NULL, '2016-11-03 00:53:32', 1, NULL, NULL, 'SMKN 1 SIDOARJO', 'MENERIMA JASA SERVICE AC & KULKAS', 'USAHA YANG DILAKUKAN OLEH SISWA YANG SUDAH TERDIDIK DAN UNTUK MELATIH MENTAL SERTA DAPAT BERSOSIALISASI DI LINGKUNGAN MASYARAKAT', 'JL.MONGINSIDI NO.71 SIDOKLUMPUK KEC.SIDOARJO', NULL, 260, '-7.45628,112.72874', 'RESMI DARI SEKOLAH', '089526489938', 'SMKN 1 SIDOARJO', 'SMKN 1 SIDOARJO', 'AINUR ROIS SP.D', '087702667709', '', 'VACUM PUMP,ALAT RECOVERY,MANIFOLD GAUGE,SWEARING TOOLS, OBENG MIN DAN PLUS,LAS,BOR,KUNCI INGGRIS,AVO,TANG,BANDING PIPA,TABUNG FREON,', 3),
(110, '2016-11-02 11:23:47', NULL, '2016-11-03 00:43:54', 1, NULL, NULL, 'GARUDA TEKNIK', 'CV', 'SERVICE AC,KOLKAS,MESIN CUCI,KIPAS ANGIN,', 'JL.RAYA PALANG NO.17 SUKORJO', NULL, 256, '-7.7151107881218195,112.71585856564343', 'CV', '0', 'APITU DPD JATIM', 'TEGUH KARYA', 'MOH.KHOLILI', '085815050310', 'kholili@gmail.com', 'TOOL SET,ALAT LAS,MANIFOL,TANG AMPER,VAKUM,BOR DLL', 0),
(111, '2016-11-02 11:24:16', NULL, NULL, NULL, NULL, NULL, 'KARYA USAHA', 'SERVIS AC', 'SPESIALIS AIR CONDITIONER', 'RADEN WIJAYA 127', NULL, 260, '-7.3736413, 112.7350743', 'CV', '1234', 'APITU', 'DIAN CANDRA ARI WAHYUDI', 'DIAN CANDRA ARI WAHYUDI', '082334448325', 'ariwahyudi42@gmail.com', 'STEAM ,VACUM,MANIPOL,TOOL KIT', 1),
(112, '2016-11-02 11:24:27', NULL, NULL, NULL, NULL, NULL, 'JAWARA TEKNIK', 'BENGKEL AC', 'SERVICE : AC , KULKAS, HOME APPLIANCES, LOUNDRY SYSTEM, HOTEL APPLIANCIES', 'JL.PERTUKANGAN BARAT RT.06 RW.06', NULL, 272, NULL, 'BENGKEL SERVICE', '0', 'APITU DPD JATIM', 'ANTONIUS SUGENG WIDIANTO', 'ANTONIUS SUGENG WIDIANTO', '081365101599', 'antonius.widianto@gmail.com', 'MANIFOLD GAUGE, POMPA SERVICE, POMPA VACUM, FLARING TOOL, ALAT LAS, TANG AMPERE, AVO METER, TOOLS SET PENDUKUNG', 0),
(113, '2016-11-02 11:27:37', NULL, NULL, NULL, '2016-11-02 04:20:42', 1, 'TATA TEKNIK', 'REFRIGRASI', 'REFRIGRASI', 'JALAN TARUNA GG MASJID ALQODIR NO 74', NULL, 260, NULL, 'CV', '234448907543579754', 'APITU JATIM', 'BOBY ADE BEZALIEL', 'BOBY ADE BEZALIEL', '081230062913', 'bobyachmadbezaliel@gmail.com', 'VAKUM MANIPOLD BLENDER LAS VAKUM', 3),
(114, '2016-11-02 11:27:38', NULL, NULL, NULL, NULL, NULL, 'TATA TEKNIK', 'REFRIGRASI', 'REFRIGRASI', 'JALAN TARUNA GG MASJID ALQODIR NO 74', NULL, 260, NULL, 'CV', '234448907543579754', 'APITU JATIM', 'BOBY ADE BEZALIEL', 'BOBY ADE BEZALIEL', '081230062913', 'bobyachmadbezaliel@gmail.com', 'VAKUM MANIPOLD BLENDER LAS VAKUM', 3),
(115, '2016-11-02 11:28:48', NULL, NULL, NULL, NULL, NULL, 'DUTA TEHNIK', 'JASA PERBAIKAN AS LEMARI ES KOMPORGAS MESIN CUCI', 'PERBAIKAN AC, KULKAS, KOMPOR GAS, MESIN CUCI, KOMPOR GAS, KIPAS ANGIN', 'KEDUNG BARUK 7 NOMER 6, RUNGKUT, SURABAYA.', NULL, 274, NULL, 'BENGKEL SERVICE', '0', 'APITU', 'SAMSUL ASHADI.SE', 'SAMSUL ASHADI.SE', '087852188933', 'samsulcool720@gmail.com', 'VAKUM, ALATLAS, TOOL SETT, MANIPOLL.', 0),
(116, '2016-11-02 11:32:54', NULL, NULL, NULL, NULL, NULL, 'IS-10', 'KLHK', 'LINGKUNGAN HIDUP', 'MANGGALA WANABAKTI', NULL, 193, NULL, '-', '-', '-', '-', '-', '-', '-', '-', 0),
(117, '2016-11-02 11:34:23', NULL, NULL, NULL, NULL, NULL, 'ASIA TEKNIK', 'PENDINGIN', 'BENGKEL AC', 'JL.KEDUNG COWEK NO.9 B', NULL, 274, NULL, 'BELUM ADA', 'belum punya', 'APITU', 'BUDIONO', 'BUDIONO', '082140004746', 'bestmultimedia@gmail.com', 'TANG AMPERE. LAS. MANIFOL. DLL', 0),
(118, '2016-11-02 11:44:56', NULL, NULL, NULL, NULL, NULL, 'TEKAD MANDIRI TEKNIK', 'JASA SERVICE AC', 'JASA SERVICE AC', 'JL WIRATAMA 40B', NULL, 236, NULL, 'HO', '1234567', 'APITU', 'JOKO PRIYANTO', 'JOKO PRIYANTO', '085102433348', 'priyantojoko@rocketmail.com', 'JET CLEANER', 5),
(119, '2016-11-02 11:44:57', NULL, NULL, NULL, NULL, NULL, 'DOKTER TEKNIK', 'BENGKEL PENDINGIN DAN ELEKTRONIK', 'MELAYANI PERAWATAN, PERBAIKAN, SEWA PENDINGIN AC', '1. JLN. PRAWIROTAMAN L NO 47 JOGJAKARTA 2.GEMAWANG MONJALI NO 43', NULL, 236, NULL, 'HO', 'xxxxxxxx', 'APITU', 'LUSANJAYA', 'LUSANJAYA', '085726505000', 'lusan_jaya@yahoo.co.id', 'VACCUM, RECOVER, MANIFOLD, DLL', 1),
(120, '2016-11-02 11:45:33', NULL, NULL, NULL, NULL, NULL, 'DWIJAYA AC JOGJA', 'BENGKEL PENDINGIN', 'SERVICE,PERAWATAN,PERBAIKAN,AC KULKAS CHILLER HEATER', 'JL PRAMBNN-PIYUNGAN,SERUT,MADUREJO', NULL, 235, NULL, 'JASA SERVIS', '0865.740.566', 'APITU', 'DWI PURWANTO', 'DWI', '085105138494', 'hutomoeldy@gmail.com', 'VACUM PUMP,ANALISER,TOOL SET,LAS', 1),
(121, '2016-11-02 11:45:56', NULL, NULL, NULL, NULL, NULL, 'CV.DEHAR MANDIRI JAYA', 'BENGKEL AC DAN PENDINGIN', 'TEKNIK PENDINGIN', 'JLN GODEAN KM 7', NULL, 236, '-7.7501497, 110.3641787', 'CV', '07854675', 'APITU', 'DEDI HARDANA', 'DEDO HARDANA', '087738445543', 'dehardana@gmail.com', 'LENGKAP', 0),
(122, '2016-11-02 11:50:15', NULL, NULL, NULL, NULL, NULL, 'CV. DWIEKA TEHNIK', 'JASA PERBAIKAN DAN PERAWATAN', 'PERBAIKAN DAN PERAWATAN MESIN MESIN PENDINGIN', 'GOTAAN RT 3 RW 6, KRANGGAN, MANISRENGGO', NULL, 210, NULL, 'CV', '503.16/156/MK/2016', 'APITU', 'KUSWARDANI', 'IWAN YULIANTO', '085291525252', 'solusirefrigerasi@gmail.com', 'POMPA STEAM,  ANALISER, TANG AMPER,', 1),
(123, '2016-11-02 11:55:01', NULL, NULL, NULL, '2016-11-02 04:20:35', 1, 'SARANA INTI ENGINEERING', 'M E & HVAC', 'PENGADAAN, PERBAIKAN, PEMASANGAN', 'GRAHA KOTA BLOK A14/38 SUNGON SIDOARJO', NULL, 260, NULL, 'PERORANGAN', '0', 'APITU', 'HEROE MAWARDI', 'HEROE MAWARDI', '081216883309', 'heroemawardi@gmail.com', 'TOOLKIT AC, VACUM PUMP, BOR, LAS LISTRIK, LAS LPG, MANIVOLD,TANGCLAIM', 0),
(124, '2016-11-02 11:55:04', NULL, NULL, NULL, NULL, NULL, 'SARANA INTI ENGINEERING', 'M E & HVAC', 'PENGADAAN, PERBAIKAN, PEMASANGAN', 'GRAHA KOTA BLOK A14/38 SUNGON SIDOARJO', NULL, 260, NULL, 'PERORANGAN', '0', 'APITU', 'HEROE MAWARDI', 'HEROE MAWARDI', '081216883309', 'heroemawardi@gmail.com', 'TOOLKIT AC, VACUM PUMP, BOR, LAS LISTRIK, LAS LPG, MANIVOLD,TANGCLAIM', 0),
(125, '2016-11-02 11:56:39', NULL, NULL, NULL, '2016-11-02 04:20:30', 1, 'PUTRA TEKNIK AC', 'SERVICE & MAINTENANCE AC', 'SERVICE.REPAIR.SALES. AC', 'JL. RR UTARA NO 67'' YOGYAKARTA', NULL, 236, NULL, 'SIUP.TDP.HO', '006758895448880', 'APITU', 'M.FAHRUDIN', 'M.FAHRUDIN', '081915444655', 'm.fahrin@gmail.com', 'TOOLSET.STEAM.VAKUM.RECOVERY.DLL.', 1),
(126, '2016-11-02 11:56:42', NULL, NULL, NULL, NULL, NULL, 'PUTRA TEKNIK AC', 'SERVICE & MAINTENANCE AC', 'SERVICE.REPAIR.SALES. AC', 'JL. RR UTARA NO 67'' YOGYAKARTA', NULL, 236, '-7.7501219, 110.3642105', 'SIUP.TDP.HO', '006758895448880', 'APITU', 'M.FAHRUDIN', 'M.FAHRUDIN', '081915444655', 'm.fahrin@gmail.com', 'TOOLSET.STEAM.VAKUM.RECOVERY.DLL.', 1),
(127, '2016-11-02 11:57:04', NULL, NULL, NULL, NULL, NULL, 'SUMBER JAYA', 'PRIBADI', 'SERVIS ELEKTRO DAN PENDINGIN', 'JLN KAWATAN GG 6 NO.6', NULL, 274, '-7.2478231, 112.7369329', '0', '0', 'APITU', 'MOCHAMMAD FACHRUR ROZY', 'MOCHAMMAD FACHRUR ROZY', '08123137652', 'cak_durosuroboyo@yahoo.co.id', 'VACUM,TOOL KIT, JET PUMP,TANG AMPERE, KUNCI INGGRIS,S EPEDA MOTOR,MANIFOLL, LAS', 0),
(128, '2016-11-02 11:59:11', NULL, NULL, NULL, '2016-11-02 04:20:20', 1, 'WW TEKNIK MAGELANG', 'SERVICE AC SPLIT DAN KULKAS', 'SERVIS AC  SEWA  AC', 'JL MAGELANG. KM 28', NULL, 226, NULL, 'CV WW TEKNIK', '0000452365432', 'APITU', 'HERE IRAWAN', 'HERI IRAWAN', '08562942506', 'wwteknikmgl@gmail.com', 'SRIM  MANIFOL  DLL', 1),
(129, '2016-11-02 11:59:15', NULL, NULL, NULL, NULL, NULL, 'WW TEKNIK MAGELANG', 'SERVICE AC SPLIT DAN KULKAS', 'SERVIS AC  SEWA  AC', 'JL MAGELANG. KM 28', NULL, 226, NULL, 'CV WW TEKNIK', '0000452365432', 'APITU', 'HERE IRAWAN', 'HERI IRAWAN', '08562942506', 'wwteknikmgl@gmail.com', 'SRIM  MANIFOL  DLL', 1),
(130, '2016-11-02 11:59:33', NULL, NULL, NULL, NULL, NULL, 'KARYA GRHA UTAMA AC', 'BENGKEL AC', 'JASA SERVICE AC RUANG JOGJA', 'KRAPYAK KULON RT 10 NO 337 SEWON BANTUL YK.', NULL, 236, NULL, 'HOOO', '123456', 'ASOSIASI PENDINGIN INDONESIA (APITU)', 'MUHAMMAD HIDAYAT', 'MUHAMMAD HIDAYAT', '087738581420', 'grha_utama@yahoo.co.id', 'PERLENGKAPAN INSTALASI AC (BOR),MESIN STEAM/JETPAM DLL', 2),
(131, '2016-11-02 12:05:25', NULL, NULL, NULL, NULL, NULL, 'ZONA TEKNIK', 'SERVICE DAN REPARASI PENDINGIN', 'PENYEDIA JASA SERVICE DAN REPARASI SEGALA MACAM MESIN PENDINGIN', 'JL.MAGELANG KM7.5', NULL, 235, NULL, '-', '-', 'APITU', 'MA''RUF FIN ATMAJA', 'MA''RUF FIN ATMAJA', '085102125025', 'zonateknik@gmail.com', 'OBENG, TANG, TANG AMPER, ANALISER, TANGGA', 0),
(132, '2016-11-02 12:08:50', NULL, NULL, NULL, NULL, NULL, 'CV.NUGRAHA TEKNIK', 'SERVICE,JUALBELI,REPAIR', 'SPESIALIS PENDINGIN DAN AC RUANG', 'JL.GODEAN KM 8,5 NOGOSARI SIDOKARTO GODEAN SLEMAN', NULL, 236, '-7.7778962, 110.3040546', 'CV', '-', 'APITU', 'ASTOLANI NUGROHO', 'ASTOLANI NUGROHO', '0817460302', 'cv.nugrahateknik@gmail.com', 'TOOL SET', 0),
(133, '2016-11-02 12:11:14', NULL, NULL, NULL, NULL, NULL, 'CV GLOBAL TEKNIK', 'SERVICE AC', 'SERVICE AC JOGJA DAN KLATEN', 'PRAMBANAN', NULL, 235, NULL, '-', '-', '-', 'MARHAEN', 'MARHAEN', '08156874758', 'tehnikg@vmail.com', 'ALAT AERVICE AC DAN INSTALL AC', 0),
(134, '2016-11-02 12:12:35', NULL, NULL, NULL, NULL, NULL, 'JAYA TEKNIK SERVIS', 'BENGKEL MESIN PENDINGIN DAN ELEKTRIKAL', 'PENGADAAN, INSTALLER, SERVIS', 'JL, KSATRIAN 25', NULL, 233, NULL, '-', '-', 'APITU', 'RIDA ISNAIN KUNTI FIRMANSYAH', 'RIDA ISNAIN KUNTI FIRMANSYAH', '087832129102', 'jayateknik67@gmail.com', 'ANALYSER, TOOLKIT, VAKUUM, TANGGA, TERMOMETER, TANG AMPERE', 0),
(135, '2016-11-02 12:25:40', NULL, NULL, NULL, NULL, NULL, 'CV AGUNG KARYA', 'AIR CONDITIONING', 'SERVICING, JASA PENDINGIN AC', 'JL. VETERAN NO.066 - 222A PULOBRAYAN, MEDAN', NULL, 51, '3.641031, 98.657824', '-', '-', 'APITU', 'MULYAMIN', 'MULYAMIN', '-', '-', 'ALAT SERVIS LENGKAP, PEMASANGAN, LAS, ALAT REPARASI,', 0),
(136, '2016-11-02 12:30:27', NULL, NULL, NULL, NULL, NULL, 'IDEVIA AIR CONDITIONER', 'AIR CONDITIONING', 'SERVIS, REPARASI, INSTALASI, AIR CONDITIONING', 'JL. SETIA AGUNG - SRIGUNTING SUNGGALKANAN, DELI SERDANG', NULL, 51, '3.567475, 98.605293', '-', '-', 'APITU SUMUT', 'IRWANDI SYAHPUTRA', 'IRWANDI SYAHPUTRA', '-', '-', 'ALATA SERVIS, ALAT PEMASANGAN, ALAT REPARASI', 0),
(137, '2016-11-02 13:08:49', NULL, '2016-11-06 07:55:44', 1, NULL, NULL, 'SETIA SERVICE', 'SERVICE', 'JUJUR DALAM BERKERJA', 'JL.SRI DADI KM 15 DISKI', NULL, 27, '3.595132, 98.553967', '-', '-', 'APITU', 'MUHAMMAD ARIF', 'MUHAMMAD ARIF', '085276936435', 'remajapolos27@gmail.com', 'PAKUM', 2),
(138, '2016-11-02 13:14:32', NULL, NULL, NULL, '2016-11-02 04:20:00', 1, 'REZEKI BERSAUDARA', 'PENDINGIN RUANGAN', 'PEMASANGAN BARU,BONGKAR PASANG DAN SERVIC AC', 'JLN GARU 2A NO14--', NULL, 51, NULL, '--', '-', '-', 'M ARIFIN SIREGAR', 'M ARIFIN SIREGAR0', '085373877366', '-', 'BERBAGAI MACAM ALAT PEMASANGAN AC DAN ALAT CUCI AC DAN SERVIC', 0),
(139, '2016-11-02 13:14:34', NULL, NULL, NULL, NULL, NULL, 'REZEKI BERSAUDARA', 'PENDINGIN RUANGAN', 'PEMASANGAN BARU,BONGKAR PASANG DAN SERVIC AC', 'JLN GARU 2A NO14--', NULL, 51, NULL, '--', '-', '-', 'M ARIFIN SIREGAR', 'M ARIFIN SIREGAR0', '085373877366', '-', 'BERBAGAI MACAM ALAT PEMASANGAN AC DAN ALAT CUCI AC DAN SERVIC', 0),
(140, '2016-11-02 13:14:38', NULL, NULL, NULL, NULL, NULL, '"V'' TEKNIK', 'BAGIAN AC/PENDINGIN', 'AIRCONDITIONER & ELECTICAL ENGINERING', 'JL ABADI NO 60 B,TJ REJO MEDAN', NULL, 51, '3.573839, 98.627222', 'BADAN HUKUM CV', '/', '/', 'PARTOMUAN SIHITE', 'PARTOMUAN', '081375673909', 'parto_sihite@yahoo.com', 'STANDART', 0),
(141, '2016-11-02 13:16:38', NULL, NULL, NULL, NULL, NULL, 'ZAHIRAH RIFKAH UTAMA', 'SERVICE DAN REPAIR AC', '-', 'JALAN TUASAN NO.76A MEDAN', NULL, 51, '3.616241, 98.698454', '-', '-', '-', 'YONGKI GINTING ST', 'YONGKI GINTING ST', '082361170121', 'yongkyginting.yg@gmail.com', 'TOOLS SET, VACUM, MANIFOLD GAUGUE, FLARING SET', 0),
(142, '2016-11-02 13:24:25', NULL, NULL, NULL, NULL, NULL, 'PERISAI TEKNIK', 'AIR CONDITIONER', 'SERVICING, REPARASI, INSTALASI, PENJUALAN', 'JL LA TAHZAN 1 NO.14 MARINDAL 2 KECAMATAN PATUMBAK', NULL, 51, '3.517984, 98.727303', '-', '-', '-', 'MANAHAN LUMBAN BATU', 'MANAHAN LUMBAN BATU', '081265063407', '-', 'PERALATAN SERVIS,INSTALASI,MESINVACUM OKSIGEN,REPERASI', 0),
(143, '2016-11-02 13:29:13', NULL, NULL, NULL, NULL, NULL, 'MEDAN COOL TEKNIK', 'SERVICING', 'MAINTENANCE,SERVIS,DAN INSTALL MESIN PENDINGIN', 'JL.PEPAYA NO 19 MEDAN BARAT', NULL, 51, '3.594167, 98.668957', '0', '0', 'APITU', 'A YOTO', 'A YOTO', '081262512999', 'medancoolteknik@gmail.com', 'TOOLS,ALAT LAS,MESIN VAKUM', 0),
(144, '2016-11-02 13:35:55', NULL, '2016-11-03 00:45:21', 1, NULL, NULL, 'IR SERVIS AC', 'SERVIS AC', 'KAMI IR SERVIS AC MENYEDIAKAN JASA SERVIS AC\nBONGKAR PASANG AC\nCEK FREON', 'JL.BENTENG HILIR JL.GURU SUMAN/USMAN SIDIK', NULL, 27, '3.612951,98.743628', '-', '-', '-', 'KHAIRUL AMRI DALIMUNTHE', 'KHAIRUL AMRI DALIMUNTHE', '085261820800', 'amrimunthe151@gmail.com', 'JETCLINER ALAT PEMASANGAN AC LENGKAP SET', 0),
(145, '2016-11-02 13:40:07', NULL, '2016-11-03 01:00:26', 1, NULL, NULL, 'REFRIHERATOR TEKNIK MANDIRI', 'BUILDING COLDSTORAGE/SERVICE COOLING SYSTEM', 'PEMBANGUNAN BARU COLDSTORAGE FREEZER DAN CHILLER. \nAIR BLAST FREEZER\nICE FLAKE MACHINE DLL', 'JL.KAPT SUMARSONO', NULL, 51, '3.616354,98.652677', 'CV', '8888', 'APITU INDONESIA', 'PRIMA PUTRA LIMBONG', 'PRIMA PUTRA LIMBONG', '081272180559', 'refrigerator.teknik@gmail.com', 'STANDART BUILDING DAN REPAIR REFRIGERATION', 1),
(146, '2016-11-02 13:40:35', NULL, NULL, NULL, NULL, NULL, 'BENGKEL GAPA AC MEDAN', 'JASA SERVICE AC MOBIL', 'PEMASANGAN / PERBAIKAN / PERAWATAN', 'JLN. MERAK NO. 40 MEDAN SUNGGAL', NULL, 51, NULL, '_', '_', '_', 'ASRIL', 'ASRIL', '08126017486', 'gapaacmedan@gmail.com', '_', 0),
(147, '2016-11-02 13:43:34', NULL, '2016-11-03 00:54:14', 1, NULL, NULL, 'KARUNIA JAYA TEKNIK', 'SERVICE ELEKTRONIK', 'PERAWATAN AC\nPEMASANGAN AC\nSERVICE KULKAS\nSERVICE MESIN CUCI', 'JL.SUKA TENANG MARENDAL PASAR 3', NULL, 27, '3.494708,98.695957', '-', '-', 'APITU', 'DWI RIWAWAN', 'DWI RIWAWAN', '085270831686', 'ddwirimawan@gmail.com', 'VACUM,FLARING TOOL,STEAM AC', 0),
(148, '2016-11-02 13:48:43', NULL, '2016-11-03 00:50:21', 1, NULL, NULL, 'KARYA PUTRA TEKNIK', 'REFRIGRATION', 'BERGERAK DI BIDANG PELAYANAN JASA ;\nSERVICE, PERBAIKAN, INSTALASI, ISI REFRIGRANT, BONGKAR/P, SERVICE.\n\nAC ( AIR CONDITIONER), COLD ROOM, KULKAS, M. CUCI, INS LISTRIK, DLL', 'JL. LUKU 1 NO. 131 KWALA BEKALA MEDAN JOHOR', NULL, 51, '3.536392,98.653714', '-', '-', 'APITU', 'NOFAN RULLYANTO TINAMBUNAN', '-', '081260556654', 'nofandukun@yahoo.co.id', 'JET CLEANER, VACUM PUMP, CLAMP METER, AVO METER, PERKAKAS TANGAN, DLL', 0),
(149, '2016-11-02 13:48:58', NULL, NULL, NULL, NULL, NULL, 'WIRA ERKOTAMA SUKSES', 'SERVICE AC,INSTALASI DAN TREBELSHOUTING', 'SERVICE,INSTALASI,TREBELSHOUTING', 'JLN MEDAN AREA SELATAN GANG KELUARGA NO431/4 MEDAN', NULL, 51, '3.611518, 98.626395', '-', '-', 'APITU', 'EKO HARYONO', 'EKOHARYONO', '08126428204', 'ekoharyono888@yahoo.co.id', 'TOOL SET AC', 1),
(150, '2016-11-02 13:52:52', NULL, NULL, NULL, NULL, NULL, 'POWER COOL TEKNIK', 'BENGKEL REFRIGERASI DAN AC MOBIL', 'INSTALASI, SERVIS BERKALA, REPARASI AC SPLIT, CASSETE, AC MOBIL, AC BUS, AC ALAT2 BERAT, KULKAS DAN MESIN2 REFRIGERASI LAIN BERDIRI SEJAK 1999', 'JALAN JAMIN GINTING KM 72,5 KABANJAHE KARO, SUMATERA UTARA', NULL, 29, '3.116006, 98.505014', 'BENGKEL', '/', 'APITU', 'JEREMIA SUKUTEN SIANTURI', 'DANI SIAHAAN', '085270151771', 'jeremiasukuten@gmail.com', 'TOOLSET STANDAR, VACUUM, ALAT2 WELDING, COMPRESSOR ANGIN, DLL', 2),
(151, '2016-11-02 13:53:08', NULL, NULL, NULL, NULL, NULL, 'KARYA PUTRA INDONESIA', 'SERVIS AC', '', 'JLN PELAJAR NO 49', NULL, 51, NULL, '-', '-', 'TUNGGAL,MILIK SENDIRI', 'TAUPIK', 'TAUPIK', '082162464709', 'five.dragon@yahoo.com', 'PENCUCI AC,LAS,DLL', 1),
(152, '2016-11-02 14:16:43', NULL, '2016-11-03 00:35:05', 1, NULL, NULL, 'RIZKY SERVICE', 'AIR CONDITIONING REPAIR SERVICE', 'SERVICE AC', 'JL. PANGLIMA DENAI UJUNG PASAR 5, GANG PAK KAWIT', NULL, 51, '3.585583,98.734838', 'AC REPAIR', '-', '-', 'MAHYUDIN HARAHAP', 'MAHYUDIN HARAHAP', '081375942337', '-', 'STEAM POMPA, PLERING MANIPOL, PLERING, BOR, FREON', 0),
(153, '2016-11-02 14:19:10', NULL, NULL, NULL, NULL, NULL, 'ERA SERVICE', 'REFRIGERASI', 'SERVICING, MAINTENANCE, PENJUALAN', 'J. PUKAT I GANG BUNTU I NO.17A', NULL, 51, '3.596555, 98.708887', '-', '-', 'APITU', 'SAFRIADI', 'SAFRIADI', '-', '-', 'ALAT SERVICE, ALAT PERBAIKAN, ALAT PERAWATAN', 0),
(154, '2016-11-02 14:41:36', NULL, NULL, NULL, NULL, NULL, 'ALEX SERVICE', 'SERVICE AC', 'SERVICE AC', 'JLN SETIA BUDI', NULL, 51, NULL, 'NO', 'No', 'NO', 'ALHAM ZAHRI', 'ALHAM ZAHRI', 'No', 'no', 'NO', 0),
(155, '2016-11-02 15:32:42', NULL, NULL, NULL, NULL, NULL, 'REZEKI BERSAUDARA SERVIC AC', 'PELAYANAN DAN JASA', 'PEMASANGAN BARU ,BONGKAR PASANG DAN PERAWATAN AC', 'JLN GARU LL A NO14', NULL, 51, NULL, '-', '-', '--', '-', 'M.ARIFIN SIREGAR', '085373877366', 'arifinjamoer@gamail.com', 'BEMACAM ALAT PEMASANGAN DAN SERVIS', 0),
(156, '2016-11-02 20:37:29', NULL, NULL, NULL, NULL, NULL, 'C.V WW TEKNIK', 'SERVICE MAINTENANCE AC', 'SERVICE DAN MAINTENACE REFRIGERATION', 'TEMPEL', NULL, 235, NULL, 'CV', '0017600112', 'APITU', 'HERI IRAWAN', 'HERI IRAWAN', '0293369504', 'fadjarzacky@gmail.com', '1 SET TOOL KIT , ALAT STEAM', 1),
(157, '2016-11-03 00:40:09', NULL, NULL, NULL, '2016-11-02 21:40:48', 1, 'CV ANUGERAH TEKNIK MANDIRI', 'DAGANG DAN JASA', '', 'PERUM KOMPLEK GPI', NULL, 0, NULL, 'AC', '0', 'HYDRO KARBON MUSICOOL', 'MARSUKI', 'MARSUKI', '081270915924', 'cv.atmbtm.blogspot..com', 'TOL KIT', 4);
INSERT INTO `bengkel` (`id`, `created_at`, `created_by`, `updated_at`, `updated_by`, `deleted_at`, `deleted_by`, `nama`, `jenis_usaha`, `deskripsi_usaha`, `alamat`, `kota`, `id_kota`, `lokasi`, `izin_usaha`, `no_registrasi`, `keanggotaan_asosiasi`, `pemilik`, `penanggung_jawab`, `no_telp`, `email`, `peralatan`, `teknisi_bnsp`) VALUES
(158, '2016-11-03 08:20:03', NULL, NULL, NULL, '2016-11-02 21:40:54', 1, 'CV.ANUGERAH TEKNIK MANDIRI', 'DAGANG DAN JASA', '', 'KOMPLEK PERUM GPI TIBAN', NULL, 0, NULL, 'SERVICE', '0', 'HYDRO CARBON REFRIGERANT MUSOCOOL', 'MARSUKI', 'MARSUKI', '081270915924', 'cv.atmbtm.blogspot.com', 'TOOL KIT', 4),
(159, '2016-11-03 08:20:07', NULL, NULL, NULL, '2016-11-06 05:10:24', 1, 'CV.ANUGERAH TEKNIK MANDIRI', 'DAGANG DAN JASA', '', 'KOMPLEK PERUM GPI TIBAN', NULL, 0, NULL, 'SERVICE', '0', 'HYDRO CARBON REFRIGERANT MUSOCOOL', 'MARSUKI', 'MARSUKI', '081270915924', 'cv.atmbtm.blogspot.com', 'TOOL KIT', 4),
(160, '2016-11-03 08:54:39', NULL, NULL, NULL, NULL, NULL, 'VIRGO MANDIRI', '-', 'BENGKEL AC', 'KEDONDONG KIDUL 1 8 B', NULL, 274, NULL, '-', '0', 'APITU', 'BUDIONO', 'BUDIONO', '000', '000', 'VACUUM POMPA', 0),
(161, '2016-11-03 10:32:31', NULL, NULL, NULL, NULL, NULL, 'BENGKEL TEKNIK PENDINGIN SMKN 1 SIDOARJO', 'PENDIDIKAN TEKNIK PENDINGIN', 'MELATIH DN MENDIDIK SISWA SMK JURUSAN TEKNIK PENDINGIN DAN TATA UDARA SESUAI KURIKULUM SMK', 'JL. MONGINSIDI', NULL, 260, NULL, '11', '12', 'APITU', 'SMK N 1 SIDOARJO', 'HERU MURSANYOTO', '0318965636', '', 'ALAT SERVIS AC 7 SET..LAS OKSIGEN DN ASITELIN. AVO DN TANG AMPER', 2),
(162, '2016-11-03 12:04:15', NULL, '2016-11-06 05:11:05', 1, NULL, NULL, 'DUTA TEKNIK', 'PRIBADI', 'BENGKEL AC', 'BANJARBARU 6/9', NULL, 242, '-7.138463, 112.610425', '0', '0', 'APITU', 'SIGIT HARJANTO', 'SIGIT HARJANTO', '081332237401', '0', '1 SET TOOL', 0),
(163, '2016-11-03 12:28:43', 1, NULL, NULL, NULL, NULL, 'RADITYA TEKNIK', '-', '-', '-', NULL, 88, '0.430927, 101.420277', '-', '-', '-', '-', '-', '-', '-', '0', 0),
(164, '2016-11-03 12:30:41', 1, NULL, NULL, NULL, NULL, 'CV. GIRI TEKNIK', '-', '-', '-', NULL, 242, '-7.1680155,112.6370011', '-', '-', '-', '-', '-', '-', '-', '0', 0),
(165, '2016-11-03 12:32:23', 1, '2016-11-03 00:34:23', 1, NULL, NULL, 'MARDIANSYAH SERVIS', '-', '-', '-', NULL, 27, '3.585581,98.734887', '-', '-', '-', 'MARDIANSYAH', 'MARDIANSYAH', '-', '-', '0', 0),
(166, '2016-11-03 12:39:34', 1, NULL, NULL, '2016-11-06 05:10:57', 1, 'DUTA TEKNIK', '-', '-', 'MANYAR', NULL, 242, '-7.138463, 112.610425', '-', '-', '-', '-', '-', '-', '-', '0', 0),
(167, '2016-11-03 12:42:05', 1, NULL, NULL, NULL, NULL, 'CV. ARTA JAYA', '-', '-', '-', NULL, 51, '3.535757,98.684626', '-', '-', '-', '-', '-', '-', '-', '0', 0),
(168, '2016-11-03 12:46:35', 1, NULL, NULL, '2016-11-06 07:38:18', 1, 'SURYA BERKAH NUSANTARA', '-', '-', '-', NULL, 27, '3.545088,98.682002', '-', '-', '-', '-', '-', '-', '-', '0', 0),
(169, '2016-11-03 12:47:43', 1, NULL, NULL, NULL, NULL, 'DWI JAYA SERVICE', '-', '-', '-', NULL, 236, '3.545088,98.682002', '-', '-', '-', '-', '-', '-', '-', '0', 0),
(170, '2016-11-03 12:49:02', 1, NULL, NULL, NULL, NULL, 'MAKMUR ABADI', '-', '-', '-', NULL, 27, '3.612951,98.743628', '-', '-', '-', 'KHAIRUL AMRI D.', 'KHAIRUL AMRI D.', '-', '-', '0', 0),
(171, '2016-11-03 12:51:17', 1, NULL, NULL, NULL, NULL, 'WARNA AC', '-', '-', '-', NULL, 236, '-7.8102018,110.398046', '-', '-', '-', '-', '-', '-', '-', '0', 0),
(172, '2016-11-03 12:54:42', 1, NULL, NULL, NULL, NULL, 'MORA TEHNIK', '-', '-', '-', NULL, 51, '3.494708,98.695957', '-', '-', '-', '-', '-', '-', '-', '0', 0),
(173, '2016-11-03 12:55:55', 1, NULL, NULL, NULL, NULL, 'SMKN 1 CERME GRESIK', '-', '-', '-', NULL, 242, '-7.2338128,112.5612722', '-', '-', '-', '-', '-', '-', '-', '-', 0),
(174, '2016-11-03 12:57:39', 1, NULL, NULL, NULL, NULL, 'CV. KURNIATAMA AC', '-', '-', '-', NULL, 236, '-7.805453, 110.377220', '-', '-', '-', '-', '-', '-', '-', '-', 0),
(175, '2016-11-03 12:59:09', 1, NULL, NULL, NULL, NULL, 'CV. SUPRA MANDIRI - PANASONIC SERVICE', '-', '-', '-', NULL, 132, '-2.919093,104.681156', '-', '-', '-', '-', '-', '-', '-', '-', 0),
(176, '2016-11-03 12:59:26', NULL, NULL, NULL, NULL, NULL, 'CV GIRI TEKNIK', 'MESIN PENDINGIN', 'SERVICE MESIN PENDINGIN', 'JL. SUNAN GIRI VI NO. 5 GRESIK', NULL, 242, NULL, 'CV', '0', 'APITU', 'SAIFUDIN ZUHRI', 'SAIFUDIN ZUHRI', '08123270103', 'giri_teknik@yahoo.co.iud', 'MESIN VACUM', 6),
(177, '2016-11-03 13:01:34', 1, NULL, NULL, NULL, NULL, 'PANASONIC METRO RAYA', '-', '-', '-', NULL, 88, '0.462564, 101.395147', '-', '-', '-', '-', '-', '-', '-', '-', 0),
(178, '2016-11-03 13:04:03', 1, NULL, NULL, '2016-11-10 22:00:33', 1, 'CV. JAYA REFRIG ENGINEERING', '-', '-', '-', NULL, 88, '0.569968, 101.480555', '-', '-', '-', '-', '-', '-', '-', '-', 0),
(179, '2016-11-03 18:35:18', NULL, NULL, NULL, NULL, NULL, 'CV. WW TEKNIK', 'CV', 'PENGADAAN, PERAWATAN BERKALA, SERVICE, PERBAIKAN AC', 'TUKANGAN KULON NO.32 MAGELANG', NULL, 226, NULL, 'CV', '72.485.196.9-524.000', 'APITU', 'HERI IRAWAN', 'HERI IRAWAN', '08562942506', 'wwteknikmgl@gmail.com', 'STEAMER', 0),
(180, '2016-11-04 09:26:24', NULL, NULL, NULL, '2016-11-04 05:37:25', 1, 'SMK N2 YOGYAKARTA', 'SEKOLAH/PENDIDIKAN', 'PELATIHAN', 'JLN  AM. SANGAJI NO.47 YOGYAKARTA', NULL, 236, NULL, '-', '-', 'APITU', 'SEKOLAH', 'SUWARNA', '08122792848', 'suwarna903@gmail.com', 'VACUM, ALAT LAS, MANIFOL,', 0),
(181, '2016-11-04 09:26:33', NULL, NULL, NULL, '2016-11-04 05:37:09', 1, 'SMK N 2 YOGYAKARTA', 'SEKOLAH ATAU PENDIDIKAN', 'SEKOLAH', 'JALAN AM SANGAJI NO 47', NULL, 236, NULL, '-', '-', 'APITU', 'SEKOLAH', 'PAK SUWARNA', '08122792848', 'suwarna903@gmail.com', 'VACUM, MANIFOLD, ALAT LAS, TOOL BOX', 0),
(182, '2016-11-04 09:28:49', NULL, NULL, NULL, NULL, NULL, 'SMK N2 YOGYAKARTA', 'SEKOLAH/PENDIDIKAN', 'PELATIHAN', 'JLN  AM. SANGAJI NO.47 YOGYAKARTA', NULL, 236, '-7.777418, 110.367022', '-', '-', 'APITU', 'SEKOLAH', 'SUWARNA', '08122792848', 'suwarna903@gmail.com', 'VACUM, ALAT LAS, MANIFOL,', 0),
(183, '2016-11-04 10:18:00', NULL, NULL, NULL, '2016-11-10 22:00:25', 1, 'UD.CAHAYA TEKNIK', 'AC', 'JUAL BELI AC SECOND', 'JL.SIDODADI 127', NULL, 274, NULL, 'UD', '503/9450.A /436.6.11/2015', 'APITU', 'RUDI HARTONO', 'RUDI HARTONO', '081330495678', '0', 'TOOL SET KOMPLIT', 0),
(184, '2016-11-04 10:19:15', NULL, NULL, NULL, '2016-11-04 05:37:03', 1, 'DAYA MANUNGGAL', 'JASA', 'MELAYANI JUAL BELI DAN SERVIS AC, COLD STORAGE, FREEZER', 'JL.GITO-GATI KM2, NGEMPLAK, DONOHARJO, NGAGLIK, SLEMAN', NULL, 235, NULL, '-', '-', 'APITU', 'SUDIRAN', 'SUDIRAN', '085228618624', 'dirancol@gmail.com', 'TOOL SET', 1),
(185, '2016-11-04 10:19:17', NULL, NULL, NULL, NULL, NULL, 'DAYA MANUNGGAL', 'JASA', 'MELAYANI JUAL BELI DAN SERVIS AC, COLD STORAGE, FREEZER', 'JL.GITO-GATI KM2, NGEMPLAK, DONOHARJO, NGAGLIK, SLEMAN', NULL, 235, '-7.717451, 110.3740812', '-', '-', 'APITU', 'SUDIRAN', 'SUDIRAN', '085228618624', 'dirancol@gmail.com', 'TOOL SET', 1),
(186, '2016-11-04 10:36:13', NULL, NULL, NULL, NULL, NULL, 'SINARJAYA ELEKTRONIK', 'SERVICE AC,KULKAS,MESIN CUCI ,KONSULTASI PENDINGIN', 'USAHA BERSAMA TANPA BATAS USIA', 'KEDUNGSARI', NULL, 274, NULL, 'SERVICE ELEKTRONIK', '12-081-330-644-087', 'APITU', 'FERRY ARIANES', 'FERRY ARIANES', '081330644087', '', 'LAS,VACUM,FREON,KELENGKAPAN PENGISIAN', 3),
(187, '2016-11-04 11:15:09', NULL, NULL, NULL, NULL, NULL, 'RONALD TEKNIK', 'SERVICE', 'PERBAIKAN AC, KULKAS, MESIN CUCI', 'JL. KAPTEN HARIYADI NGAGLIK BD LENA', NULL, 236, '-7.7240567, 110.3913713', '-', '-', '-', 'LUPUS HERDIANTO', 'LUPUS HERDIANTO', '081226345670', '-', 'ALAT-ALAT PERBENGKELAN', 0),
(188, '2016-11-04 14:26:51', NULL, '2016-11-06 07:38:13', 1, NULL, NULL, 'SURYA BERKAH NUSANTARA', 'JASA', 'MENANGANI  PERBAIKAN,PERAWATAN,PEREMAJAAN,PENGADAAN MAUPUN INSTALASI UNIT SEGALA JENIS SITEM PENDINGIN.\nTYPE :  AC SPLIT, AC CASET, FLOOR STANDING. SPLIT DUCK\nKULKAS, SHOWCASE DLL', 'JLN.SMA 2 GG DAMAI NO 2C MEDAN POLONIA', NULL, 51, '3.545088, 98.682002', 'SIUP', '0', 'APITU', 'SURYA ASWANDA', 'SURYA ASWANDA', '082272577424', 'suryaaswanda.21.07@gmail.com', 'STANDAR OPRASIONAL PERAWATAN.PEMASANGAN ATAUPUN INSTALASI', 0),
(189, '2016-11-04 14:26:54', NULL, NULL, NULL, '2016-11-04 05:36:57', 1, 'SURYA BERKAH NUSANTARA', 'JASA', 'MENANGANI  PERBAIKAN,PERAWATAN,PEREMAJAAN,PENGADAAN MAUPUN INSTALASI UNIT SEGALA JENIS SITEM PENDINGIN.\nTYPE :  AC SPLIT, AC CASET, FLOOR STANDING. SPLIT DUCK\nKULKAS, SHOWCASE DLL', 'JLN.SMA 2 GG DAMAI NO 2C MEDAN POLONIA', NULL, 51, NULL, 'SIUP', '0', 'APITU', 'SURYA ASWANDA', 'SURYA ASWANDA', '082272577424', 'suryaaswanda.21.07@gmail.com', 'STANDAR OPRASIONAL PERAWATAN.PEMASANGAN ATAUPUN INSTALASI', 0),
(190, '2016-11-04 14:41:53', NULL, NULL, NULL, '2016-11-04 05:36:52', 1, 'CV.EKAJAYA-AC', 'BENGKEL AC', 'SERVICE,PERBAIKAN,PENGADAAN,RENTAL,SEWA AC', 'KRAPYAK KULON 402B,PANGGUNG HARJO,SEWON,BANTUL', NULL, 236, NULL, 'PKP,HO,TDP', '12345', 'APITU', 'EKO HARYANTO', 'EKO HARYANTO', '02744399180', 'ekajayatech@gmail.com', 'TOOL BOX,TANGGA,RECOVERY,VAKUM,ANALISER,LAS', 1),
(191, '2016-11-04 14:41:53', NULL, NULL, NULL, NULL, NULL, 'CV.EKAJAYA-AC', 'BENGKEL AC', 'SERVICE,PERBAIKAN,PENGADAAN,RENTAL,SEWA AC', 'KRAPYAK KULON 402B,PANGGUNG HARJO,SEWON,BANTUL', NULL, 236, '-7.8250376, 110.3599182', 'PKP,HO,TDP', '12345', 'APITU', 'EKO HARYANTO', 'EKO HARYANTO', '02744399180', 'ekajayatech@gmail.com', 'TOOL BOX,TANGGA,RECOVERY,VAKUM,ANALISER,LAS', 1),
(192, '2016-11-06 17:47:59', 1, '2016-12-02 10:16:03', 1, NULL, NULL, 'AL-KAHFI NST', '3', '-', 'JL. DURUNG NO. 81, SIDOREJO HILIR, MEDAN TEMBUNG', NULL, 51, '3.609672, 98.698492', '-', '-', '-', 'TAUFIQ', 'TAUFIQ', '-', '-', '-', 0),
(193, '2016-11-06 17:48:55', 1, NULL, NULL, '2016-11-06 07:37:13', 1, 'HANDAN HASBY', '-', '-', 'JL. MENUR', NULL, 274, '-7.28742, 112.76546', '-', '-', '-', '-', '-', '-', '-', '-', 0),
(194, '2016-11-06 17:49:36', 1, NULL, NULL, NULL, NULL, 'CV. MITRA SARANA TEKNIKA', '-', '-', '-', NULL, 236, '-7.7500293, 110.3640473', '-', '-', '-', '-', '-', '-', '-', '-', 0),
(195, '2016-11-06 17:50:05', 1, NULL, NULL, NULL, NULL, 'DEDYNO DELANA', '-', '-', '-', NULL, 274, '-7.283714767545462, 112.74535817094147', '-', '-', '-', '-', '-', '-', '-', '-', 0),
(196, '2016-11-06 17:50:39', 1, NULL, NULL, NULL, NULL, 'BENGKEL SINAR JAYA', '-', '-', '-', NULL, 274, '-7.26816, 112.735725', '-', '-', '-', '-', '-', '-', '-', '-', 0),
(197, '2016-11-06 17:51:07', 1, NULL, NULL, NULL, NULL, 'YONA TEHNIK', '-', '-', '-', NULL, 236, '-7.7381502, 110.3612452', '-', '-', '-', '-', '-', '-', '-', '-', 0),
(198, '2016-11-06 17:51:46', 1, NULL, NULL, NULL, NULL, 'CAHYA TEKNIK', '-', '-', '-', NULL, 274, '-7.2330483, 112.7464007', '-', '-', '-', '-', '-', '-', '-', '-', 0),
(199, '2016-11-06 17:54:01', 1, NULL, NULL, NULL, NULL, 'MAVISTA TECHNIC', '-', '-', '-', NULL, 236, '-7.7937008, 110.3766349', '-', '-', '-', '-', '-', '-', '-', '-', 0),
(200, '2016-11-06 17:55:19', 1, '2016-11-07 06:43:46', 11, NULL, NULL, 'BERKAH TEHNIK', '-', '-', '-', NULL, 236, '-7.8486404, 110.327124', '-', '-', '-', '-', '-', '-', '-', '-', 0),
(201, '2016-11-07 21:53:46', NULL, NULL, NULL, '2016-11-07 08:56:50', 1, 'ARGA AC', '-', '-', '-', NULL, 270, '-6.22914172, 106.84494327', '-', '-', '-', 'ARGA', '-', '08179662311', 'arga@briqsoftware.com', '-', 3),
(202, '2016-11-07 21:53:47', NULL, NULL, NULL, '2016-11-07 08:56:45', 1, 'ARGA AC', '-', '-', '-', NULL, 270, NULL, '-', '-', '-', 'ARGA', '-', '08179662311', 'arga@briqsoftware.com', '-', 3),
(203, '2016-11-07 23:33:49', NULL, '2016-12-02 10:16:22', 1, NULL, NULL, 'MANDIRI TEKNIK', '3', 'SERVICE DAN MAINTENANCE', 'PERUMAHAN TIBAN RIAU BERTUAH 2 BLOK G NO 31', NULL, 94, '', 'UD', '83', 'ASISI', 'KRISTIAN HANAFI', 'KRISTIAN HANAFI', '081267050681', 'hanaf418@gmail.com', 'STEAM,MANIFOL,TANG AMPERE,TOOL BOOK', 0),
(204, '2016-11-10 20:54:34', NULL, '2016-11-22 22:24:21', 1, NULL, NULL, 'BENGKEL DIMAS', '3', 'GANTI BAN', 'MLG', NULL, 270, '', 'KEREN', '1232131', 'PER', 'DIMAS', 'DIMAS', '12321', 'asd@das.xi', 'OKE', 0),
(205, '2016-12-10 11:12:38', 1, '2016-12-10 11:14:31', 1, NULL, NULL, 'BUKALAPAK AKSI GILA', '4', 'NTRL SAKIT JIWA', 'JKT SELATAN', NULL, 194, '', '12213', '21312', 'XCCX', 'ZAKI', 'DHANI MUHAMMAD', '081233664974', 'dhanimuhd@gmail.com', 'SOFTWARE', 0);

-- --------------------------------------------------------

--
-- Table structure for table `bengkel_foto`
--

CREATE TABLE IF NOT EXISTS `bengkel_foto` (
  `id` int(11) NOT NULL AUTO_INCREMENT,
  `created_at` timestamp NOT NULL DEFAULT CURRENT_TIMESTAMP,
  `created_by` int(11) DEFAULT NULL,
  `updated_at` datetime DEFAULT NULL,
  `updated_by` int(11) DEFAULT NULL,
  `deleted_at` datetime DEFAULT NULL,
  `deleted_by` int(11) DEFAULT NULL,
  `id_bengkel` int(11) NOT NULL,
  `nama_file` varchar(50) NOT NULL,
  `keterangan` text,
  `lokasi` varchar(200) DEFAULT NULL,
  PRIMARY KEY (`id`)
) ENGINE=InnoDB  DEFAULT CHARSET=utf8 AUTO_INCREMENT=18 ;

--
-- Dumping data for table `bengkel_foto`
--

INSERT INTO `bengkel_foto` (`id`, `created_at`, `created_by`, `updated_at`, `updated_by`, `deleted_at`, `deleted_by`, `id_bengkel`, `nama_file`, `keterangan`, `lokasi`) VALUES
(1, '2016-11-07 22:03:10', 228, NULL, NULL, NULL, NULL, 201, '6acb33fe1245e175973d5dc32aa8565e.png', 'MAWAS SPLASH', '0.0, 0.0'),
(2, '2016-11-07 22:04:09', 228, NULL, NULL, NULL, NULL, 201, 'e987c47d5035340555d86d780fa6b7f3.jpg', 'ACIP KODING', '0.0, 0.0'),
(3, '2016-11-07 22:05:36', 228, NULL, NULL, NULL, NULL, 201, '1f8ba13c31412016b85571d3f2f4e92b.jpg', 'STONES', '0.0, 0.0'),
(4, '2016-11-07 22:06:15', 228, NULL, NULL, NULL, NULL, 201, 'aa4eb2dfed57783dd8782a5af4811115.jpg', 'MOUNTAIN', '0.0, 0.0'),
(5, '2016-11-07 22:06:40', 228, NULL, NULL, NULL, NULL, 201, '91892845c5225558a7bee3be5be1fe40.jpg', 'FOREST', '0.0, 0.0'),
(6, '2016-11-07 22:10:24', 228, NULL, NULL, NULL, NULL, 201, 'a4232ce4045845d657dc55d8d71711a9.jpg', 'ALAM DANANG', '-6.22914172, 106.84494327'),
(7, '2016-11-07 22:12:02', 228, NULL, NULL, NULL, NULL, 201, '2ea526a4cf06f55903e9e8775682aefd.jpg', 'BENGKEL', '-6.22914172, 106.84494327'),
(8, '2016-11-07 22:18:09', 228, NULL, NULL, NULL, NULL, 201, '9feb80e6010489c7ab544861ed6f88bc.jpg', '', '-6.22914172, 106.84494327'),
(9, '2016-11-15 22:56:11', 1, NULL, NULL, NULL, NULL, 203, 'c4e1407b2fae8907d4cec746530c9e89.png', '', NULL),
(10, '2016-11-19 09:21:08', 1, NULL, NULL, NULL, NULL, 195, '87624c70dc5cc4cf5fd4569ea94f263b.jpg', 'TES', NULL),
(11, '2016-11-23 09:42:00', 1, NULL, NULL, NULL, NULL, 200, '13e74d9cccea8da4a8946d6f275fb026.jpg', 'WOKE WOKE', NULL),
(12, '2016-11-23 09:48:50', 1, NULL, NULL, NULL, NULL, 200, '241a23754a47b373c521f1e048801678.jpg', 'IRON', NULL),
(13, '2016-11-23 09:51:22', 1, NULL, NULL, NULL, NULL, 200, '728471572759039b6d4ea55d105cc449.jpg', 'IRON', NULL),
(14, '2016-11-23 09:51:54', 1, NULL, NULL, NULL, NULL, 200, 'fe4df4b72215c2837ed4503c4f25ebb3.jpg', 'IRON', NULL),
(15, '2016-11-23 09:52:06', 1, NULL, NULL, NULL, NULL, 200, 'f040cd8e7135e9fc4e983437d3186833.jpg', 'SAD', NULL),
(16, '2016-11-23 09:54:01', 1, NULL, NULL, NULL, NULL, 204, 'be5ad0057946d01e5cc65310c3ef9dc4.jpg', 'ASDAS', NULL),
(17, '2016-11-23 09:54:32', 1, NULL, NULL, NULL, NULL, 204, '7aa0034614f88bba8539e0ac04618fbb.jpg', 'ASD', NULL);

-- --------------------------------------------------------

--
-- Table structure for table `bengkel_laphar`
--

CREATE TABLE IF NOT EXISTS `bengkel_laphar` (
  `id` int(11) NOT NULL AUTO_INCREMENT,
  `created_at` timestamp NOT NULL DEFAULT CURRENT_TIMESTAMP,
  `created_by` int(11) DEFAULT NULL,
  `updated_at` datetime DEFAULT NULL,
  `updated_by` int(11) DEFAULT NULL,
  `deleted_at` datetime DEFAULT NULL,
  `deleted_by` int(11) DEFAULT NULL,
  `id_bengkel` int(11) NOT NULL,
  `tgl_laporan` date NOT NULL,
  `nama` varchar(200) NOT NULL,
  `alamat` varchar(200) NOT NULL,
  `no_ac` varchar(100) NOT NULL,
  `merk_ac` varchar(100) NOT NULL,
  `pk` varchar(10) NOT NULL,
  `jenis` varchar(10) NOT NULL,
  `ampere` double DEFAULT NULL,
  `pressure` double DEFAULT NULL,
  `jenis_servis` varchar(100) NOT NULL,
  `tgl_servis_berikutnya` date DEFAULT NULL,
  `biaya` int(11) DEFAULT NULL,
  PRIMARY KEY (`id`)
) ENGINE=InnoDB  DEFAULT CHARSET=utf8 AUTO_INCREMENT=2 ;

--
-- Dumping data for table `bengkel_laphar`
--

INSERT INTO `bengkel_laphar` (`id`, `created_at`, `created_by`, `updated_at`, `updated_by`, `deleted_at`, `deleted_by`, `id_bengkel`, `tgl_laporan`, `nama`, `alamat`, `no_ac`, `merk_ac`, `pk`, `jenis`, `ampere`, `pressure`, `jenis_servis`, `tgl_servis_berikutnya`, `biaya`) VALUES
(1, '2016-12-08 20:19:42', 1, '2016-12-08 20:36:14', 1, NULL, NULL, 135, '2016-12-30', 'OMAR', 'JL DI MANA AK BERPIJAK', '123ASD', 'DAIKIN', '1/2', 'R-407C', 1, 3.5, 'PENGGANTIAN PART', '2016-12-31', 100000);

-- --------------------------------------------------------

--
-- Table structure for table `bengkel_laporan`
--

CREATE TABLE IF NOT EXISTS `bengkel_laporan` (
  `id` int(11) NOT NULL AUTO_INCREMENT,
  `created_at` timestamp NOT NULL DEFAULT CURRENT_TIMESTAMP,
  `created_by` int(11) DEFAULT NULL,
  `updated_at` datetime DEFAULT NULL,
  `updated_by` int(11) DEFAULT NULL,
  `deleted_at` datetime DEFAULT NULL,
  `deleted_by` int(11) DEFAULT NULL,
  `id_bengkel` int(11) NOT NULL,
  `tahun` char(4) NOT NULL,
  `bulan` char(2) NOT NULL,
  `ac_05_pk` int(11) DEFAULT '0',
  `ac_075_pk` int(11) DEFAULT '0',
  `ac_1_pk` int(11) DEFAULT '0',
  `ac_2_pk` int(11) DEFAULT '0',
  `ac_mobil` int(11) DEFAULT '0',
  `ac_kulkas` int(11) DEFAULT '0',
  `ac_lainnya` int(11) DEFAULT '0',
  `r22` double DEFAULT '0',
  `r134a` double DEFAULT '0',
  `r32` double DEFAULT '0',
  `r410a` double DEFAULT '0',
  `r404a` double DEFAULT '0',
  `r407a` double DEFAULT '0',
  `r123` double NOT NULL DEFAULT '0',
  `hidrokarbon` double NOT NULL DEFAULT '0',
  `amonia` double NOT NULL DEFAULT '0',
  `co2` double NOT NULL DEFAULT '0',
  `ac_05_2` int(11) DEFAULT NULL,
  `ac_3_10` int(11) DEFAULT NULL,
  `ac_10` int(11) DEFAULT NULL,
  `ac_cold` int(11) DEFAULT NULL,
  `r290` int(11) NOT NULL,
  `r600a` int(11) NOT NULL,
  PRIMARY KEY (`id`)
) ENGINE=InnoDB  DEFAULT CHARSET=utf8 AUTO_INCREMENT=122 ;

--
-- Dumping data for table `bengkel_laporan`
--

INSERT INTO `bengkel_laporan` (`id`, `created_at`, `created_by`, `updated_at`, `updated_by`, `deleted_at`, `deleted_by`, `id_bengkel`, `tahun`, `bulan`, `ac_05_pk`, `ac_075_pk`, `ac_1_pk`, `ac_2_pk`, `ac_mobil`, `ac_kulkas`, `ac_lainnya`, `r22`, `r134a`, `r32`, `r410a`, `r404a`, `r407a`, `r123`, `hidrokarbon`, `amonia`, `co2`, `ac_05_2`, `ac_3_10`, `ac_10`, `ac_cold`, `r290`, `r600a`) VALUES
(1, '2016-10-25 22:03:42', 18, '2016-11-10 20:25:56', 18, NULL, NULL, 0, '2016', '09', 10, 0, 0, 0, 0, 0, 0, 2, 2, 0, 0, 0, 0, 0, 0, 0, 0, 0, 0, 0, 0, 0, 0),
(2, '2016-10-26 09:23:18', 9, NULL, NULL, NULL, NULL, 1, '2016', '10', 2, 3, 4, 10, 5, 6, 4, 5, 49, 25, 36, 76, 86, 0, 0, 0, 0, 0, 0, 0, 0, 0, 0),
(3, '2016-10-26 12:18:21', 27, NULL, NULL, NULL, NULL, 10, '2016', '09', 20, 25, 30, 30, 0, 15, 5, 20, 10, 20, 20, 0, 0, 0, 0, 0, 0, 0, 0, 0, 0, 0, 0),
(4, '2016-10-26 12:18:57', 26, NULL, NULL, NULL, NULL, 9, '2016', '09', 30, 10, 60, 15, 0, 2, 0, 15, 2, 17, 14, 0, 0, 0, 0, 0, 0, 0, 0, 0, 0, 0, 0),
(5, '2016-10-26 12:20:30', 35, NULL, NULL, NULL, NULL, 18, '2016', '09', 1, 1, 1, 1, 1, 0, 0, 0, 0, 0, 0, 0, 0, 0, 0, 0, 0, 0, 0, 0, 0, 0, 0),
(6, '2016-10-26 12:23:16', 34, NULL, NULL, NULL, NULL, 17, '2016', '09', 150, 100, 125, 25, 0, 10, 15, 5, 1, 3, 2, 0, 0, 0, 0, 0, 0, 0, 0, 0, 0, 0, 0),
(7, '2016-10-26 12:24:27', 36, NULL, NULL, NULL, NULL, 19, '2016', '09', 30, 30, 50, 20, 0, 15, 5, 50, 5, 20, 20, 2, 0, 0, 0, 0, 0, 0, 0, 0, 0, 0, 0),
(8, '2016-10-26 12:24:52', 34, NULL, NULL, NULL, NULL, 17, '2016', '09', 150, 100, 125, 25, 0, 10, 15, 5, 1, 3, 2, 0, 0, 0, 0, 0, 0, 0, 0, 0, 0, 0, 0),
(9, '2016-10-26 12:25:09', 34, NULL, NULL, NULL, NULL, 17, '2016', '09', 0, 0, 0, 0, 0, 0, 0, 0, 0, 0, 0, 0, 0, 0, 0, 0, 0, 0, 0, 0, 0, 0, 0),
(10, '2016-10-26 12:29:24', 48, NULL, NULL, NULL, NULL, 31, '2016', '09', 10, 15, 5, 7, 0, 0, 0, 24, 0, 12, 12, 0, 24, 0, 0, 0, 0, 0, 0, 0, 0, 0, 0),
(11, '2016-10-26 12:30:26', 52, NULL, NULL, NULL, NULL, 35, '2016', '09', 0, 0, 0, 0, 0, 0, 0, 0, 0, 0, 0, 0, 0, 0, 0, 0, 0, 0, 0, 0, 0, 0, 0),
(12, '2016-10-26 12:30:44', 28, NULL, NULL, NULL, NULL, 11, '2016', '09', 0, 0, 0, 0, 0, 0, 0, 0, 0, 0, 0, 0, 0, 0, 0, 0, 0, 0, 0, 0, 0, 0, 0),
(13, '2016-10-26 12:30:49', 28, NULL, NULL, NULL, NULL, 11, '2016', '09', 0, 0, 0, 0, 0, 0, 0, 0, 0, 0, 0, 0, 0, 0, 0, 0, 0, 0, 0, 0, 0, 0, 0),
(14, '2016-10-26 12:30:59', 37, NULL, NULL, NULL, NULL, 20, '2016', '10', 0, 0, 0, 0, 0, 5, 0, 0, 0, 0, 0, 0, 0, 0, 0, 0, 0, 0, 0, 0, 0, 0, 0),
(15, '2016-10-26 12:32:59', 47, NULL, NULL, NULL, NULL, 30, '2016', '10', 20, 10, 25, 15, 0, 4, 0, 13, 5, 2, 8, 0, 0, 0, 0, 0, 0, 0, 0, 0, 0, 0, 0),
(16, '2016-10-26 12:33:33', 55, NULL, NULL, NULL, NULL, 38, '2016', '09', 25, 10, 40, 4, 0, 10, 0, 13, 0.8, 0, 0, 0, 0, 0, 0, 0, 0, 0, 0, 0, 0, 0, 0),
(17, '2016-10-26 12:33:57', 57, NULL, NULL, NULL, NULL, 40, '2016', '09', 2, 2, 2, 2, 0, 2, 2, 2, 2, 2, 2, 2, 2, 0, 0, 0, 0, 0, 0, 0, 0, 0, 0),
(18, '2016-10-26 12:34:05', 56, NULL, NULL, NULL, NULL, 39, '2016', '09', 40, 40, 40, 50, 0, 0, 0, 0, 0, 0, 0, 0, 0, 0, 0, 0, 0, 0, 0, 0, 0, 0, 0),
(19, '2016-10-26 12:34:38', 57, NULL, NULL, NULL, NULL, 40, '2016', '09', 2, 2, 2, 2, 0, 2, 2, 2, 2, 2, 2, 2, 2, 0, 0, 0, 0, 0, 0, 0, 0, 0, 0),
(20, '2016-10-26 12:34:56', 51, NULL, NULL, NULL, NULL, 34, '2016', '09', 10, 18, 30, 25, 0, 0, 0, 20, 3, 10, 10, 0, 0, 0, 0, 0, 0, 0, 0, 0, 0, 0, 0),
(21, '2016-10-26 12:35:08', 61, NULL, NULL, NULL, NULL, 44, '2016', '09', 30, 20, 15, 10, 0, 5, 0, 6, 0, 0, 3, 0, 0, 0, 0, 0, 0, 0, 0, 0, 0, 0, 0),
(22, '2016-10-26 12:36:43', 70, NULL, NULL, NULL, NULL, 53, '2016', '09', 1, 0, 0, 0, 0, 0, 0, 0.5, 0, 0, 0, 0, 0, 0, 0, 0, 0, 0, 0, 0, 0, 0, 0),
(23, '2016-10-26 12:36:51', 40, NULL, NULL, NULL, NULL, 23, '2016', '09', 50, 25, 145, 12, 0, 12, 0, 27, 5, 5, 8, 0, 0, 0, 0, 0, 0, 0, 0, 0, 0, 0, 0),
(24, '2016-10-26 12:37:02', 56, NULL, NULL, NULL, NULL, 39, '2016', '09', 40, 40, 40, 50, 2, 30, 4, 0, 0, 13, 10, 13, 0, 0, 0, 0, 0, 0, 0, 0, 0, 0, 0),
(25, '2016-10-26 12:37:03', 52, NULL, NULL, NULL, NULL, 35, '2016', '09', 25, 25, 20, 20, 0, 10, 10, 2, 2, 1, 2, 0, 0, 0, 0, 0, 0, 0, 0, 0, 0, 0, 0),
(26, '2016-10-26 12:38:39', 60, NULL, NULL, NULL, NULL, 43, '2016', '09', 20, 20, 20, 40, 0, 5, 10, 20, 0, 1, 1, 0, 0, 0, 0, 0, 0, 0, 0, 0, 0, 0, 0),
(27, '2016-10-26 12:38:42', 60, NULL, NULL, NULL, NULL, 43, '2016', '09', 20, 20, 20, 40, 0, 5, 10, 20, 0, 1, 1, 0, 0, 0, 0, 0, 0, 0, 0, 0, 0, 0, 0),
(28, '2016-10-26 12:38:44', 67, NULL, NULL, NULL, NULL, 50, '2016', '09', 0, 2, 2, 1, 0, 0, 0, 0, 0, 0, 0.8, 0, 0, 0, 0, 0, 0, 0, 0, 0, 0, 0, 0),
(29, '2016-10-26 12:39:06', 62, NULL, NULL, NULL, NULL, 45, '2016', '09', 50, 30, 18, 18, 0, 15, 17, 19, 9, 5, 3, 13, 0, 0, 0, 0, 0, 0, 0, 0, 0, 0, 0),
(30, '2016-10-26 12:39:45', 73, NULL, NULL, NULL, NULL, 56, '2016', '09', 50, 50, 150, 70, 0, 2, 0, 75, 1, 25, 25, 2, 5, 0, 0, 0, 0, 0, 0, 0, 0, 0, 0),
(31, '2016-10-26 12:39:58', 74, NULL, NULL, NULL, NULL, 57, '2016', '09', 60, 50, 30, 20, 0, 10, 5, 15, 12, 10, 16, 15, 10, 0, 0, 0, 0, 0, 0, 0, 0, 0, 0),
(32, '2016-10-26 12:40:02', 71, NULL, NULL, NULL, NULL, 54, '2016', '09', 20, 4, 6, 1, 0, 2, 1, 2, 0, 4, 6, 0, 0, 0, 0, 0, 0, 0, 0, 0, 0, 0, 0),
(33, '2016-10-26 12:41:43', 76, NULL, NULL, NULL, NULL, 59, '2016', '09', 30, 15, 20, 10, 0, 5, 5, 60, 0, 15, 15, 0, 0, 0, 0, 0, 0, 0, 0, 0, 0, 0, 0),
(34, '2016-10-26 12:42:22', 58, NULL, NULL, NULL, NULL, 41, '2016', '09', 50, 15, 50, 30, 0, 20, 50, 13, 13, 13, 13, 5, 5, 0, 0, 0, 0, 0, 0, 0, 0, 0, 0),
(35, '2016-10-26 12:43:27', 72, NULL, NULL, NULL, NULL, 55, '2016', '09', 0, 0, 20, 20, 0, 0, 16, 10, 15, 0, 0, 0, 0, 0, 0, 0, 0, 0, 0, 0, 0, 0, 0),
(36, '2016-10-26 12:44:36', 62, NULL, NULL, NULL, NULL, 45, '2016', '09', 0, 0, 0, 0, 0, 0, 0, 0, 0, 0, 0, 0, 0, 0, 0, 0, 0, 0, 0, 0, 0, 0, 0),
(37, '2016-10-26 12:45:01', 64, NULL, NULL, NULL, NULL, 47, '2016', '09', 20, 20, 50, 15, 0, 0, 0, 26, 0, 6, 6, 0, 5, 0, 0, 0, 0, 0, 0, 0, 0, 0, 0),
(38, '2016-10-26 12:45:55', 63, NULL, NULL, NULL, NULL, 46, '2016', '09', 150, 60, 100, 50, 0, 0, 0, 5, 0, 0, 5, 0, 0, 0, 0, 0, 0, 0, 0, 0, 0, 0, 0),
(39, '2016-10-26 12:47:07', 68, NULL, NULL, NULL, NULL, 51, '2016', '09', 0, 0, 0, 0, 0, 0, 0, 0, 0, 0, 0, 0, 0, 0, 0, 0, 0, 0, 0, 0, 0, 0, 0),
(40, '2016-10-26 12:47:21', 54, NULL, NULL, NULL, NULL, 37, '2016', '09', 1, 1, 1, 4, 1, 3, 1, 13, 13, 6, 6, 0, 0, 0, 0, 0, 0, 0, 0, 0, 0, 0, 0),
(41, '2016-10-26 12:49:42', 68, NULL, NULL, NULL, NULL, 51, '2016', '09', 5, 2, 10, 5, 0, 5, 5, 2, 2, 0, 2, 2, 0, 0, 0, 0, 0, 0, 0, 0, 0, 0, 0),
(42, '2016-10-26 12:55:02', 38, NULL, NULL, NULL, NULL, 21, '2016', '09', 0, 0, 0, 0, 0, 0, 0, 0, 0, 0, 0, 0, 0, 0, 0, 0, 0, 0, 0, 0, 0, 0, 0),
(43, '2016-10-26 12:59:01', 72, NULL, NULL, NULL, NULL, 55, '2016', '09', 0, 0, 20, 20, 0, 0, 8, 10, 15, 0, 0, 0, 0, 0, 0, 0, 0, 0, 0, 0, 0, 0, 0),
(44, '2016-10-26 12:59:26', 78, NULL, NULL, NULL, NULL, 61, '2016', '09', 5, 5, 5, 5, 0, 5, 5, 5, 5, 5, 5, 5, 5, 0, 0, 0, 0, 0, 0, 0, 0, 0, 0),
(45, '2016-10-26 13:00:43', 72, NULL, NULL, NULL, NULL, 55, '2016', '09', 0, 0, 0, 0, 0, 0, 8, 10, 15, 0, 0, 0, 0, 0, 0, 0, 0, 0, 0, 0, 0, 0, 0),
(46, '2016-10-26 13:02:51', 79, NULL, NULL, NULL, NULL, 62, '2016', '09', 50, 50, 40, 30, 65, 30, 50, 26, 39, 13, 10, 5, 5, 0, 0, 0, 0, 0, 0, 0, 0, 0, 0),
(47, '2016-10-26 13:04:52', 65, NULL, NULL, NULL, NULL, 48, '2016', '09', 10, 5, 0, 0, 0, 0, 0, 13, 0, 0, 0, 0, 0, 0, 0, 0, 0, 0, 0, 0, 0, 0, 0),
(48, '2016-10-26 13:40:52', 56, NULL, NULL, NULL, NULL, 39, '2016', '08', 50, 50, 50, 30, 0, 50, 2, 0, 13, 0, 0, 6, 0, 0, 0, 0, 0, 0, 0, 0, 0, 0, 0),
(49, '2016-10-26 14:50:37', 82, NULL, NULL, NULL, NULL, 65, '2016', '10', 20, 15, 10, 5, 0, 0, 0, 3, 0, 1, 0, 0, 0, 0, 0, 0, 0, 0, 0, 0, 0, 0, 0),
(50, '2016-10-26 14:54:38', 83, NULL, NULL, NULL, NULL, 66, '2016', '09', 15, 15, 15, 10, 0, 15, 0, 13, 6, 20, 0, 0, 0, 0, 0, 0, 0, 0, 0, 0, 0, 0, 0),
(51, '2016-10-26 15:10:25', 94, NULL, NULL, NULL, NULL, 77, '2016', '09', 10, 5, 20, 5, 0, 6, 0, 5, 6, 3, 3, 0, 0, 0, 0, 0, 0, 0, 0, 0, 0, 0, 0),
(52, '2016-10-26 15:11:04', 84, NULL, NULL, NULL, NULL, 67, '2016', '09', 8, 8, 10, 10, 0, 20, 30, 1, 2, 1, 1, 0, 0, 0, 0, 0, 0, 0, 0, 0, 0, 0, 0),
(53, '2016-10-26 15:11:51', 93, NULL, NULL, NULL, NULL, 76, '2016', '09', 15, 5, 15, 0, 0, 10, 15, 3, 2, 1, 1, 0, 0, 0, 0, 0, 0, 0, 0, 0, 0, 0, 0),
(54, '2016-10-26 15:15:46', 90, NULL, NULL, NULL, NULL, 73, '2016', '09', 5, 2, 5, 1, 0, 4, 0, 5, 3, 4, 3, 0, 0, 0, 0, 0, 0, 0, 0, 0, 0, 0, 0),
(55, '2016-10-26 15:15:53', 90, NULL, NULL, NULL, NULL, 73, '2016', '09', 5, 2, 5, 1, 0, 4, 0, 5, 3, 4, 3, 0, 0, 0, 0, 0, 0, 0, 0, 0, 0, 0, 0),
(56, '2016-10-26 15:15:57', 90, NULL, NULL, NULL, NULL, 73, '2016', '09', 5, 2, 5, 1, 0, 4, 0, 5, 3, 4, 3, 0, 0, 0, 0, 0, 0, 0, 0, 0, 0, 0, 0),
(57, '2016-10-26 15:15:58', 90, NULL, NULL, NULL, NULL, 73, '2016', '09', 5, 2, 5, 1, 0, 4, 0, 5, 3, 4, 3, 0, 0, 0, 0, 0, 0, 0, 0, 0, 0, 0, 0),
(58, '2016-10-26 15:36:34', 52, NULL, NULL, NULL, NULL, 35, '2016', '10', 30, 10, 30, 30, 0, 25, 50, 50, 50, 13.4, 13.4, 0, 0, 0, 0, 0, 0, 0, 0, 0, 0, 0, 0),
(59, '2016-10-26 15:54:14', 71, NULL, NULL, NULL, NULL, 54, '2016', '09', 0, 0, 0, 0, 0, 0, 0, 0, 0, 0, 0, 0, 0, 0, 0, 0, 0, 0, 0, 0, 0, 0, 0),
(60, '2016-10-26 15:54:15', 71, NULL, NULL, NULL, NULL, 54, '2016', '09', 0, 0, 0, 0, 0, 0, 0, 0, 0, 0, 0, 0, 0, 0, 0, 0, 0, 0, 0, 0, 0, 0, 0),
(61, '2016-10-26 17:52:42', 99, NULL, NULL, NULL, NULL, 82, '2016', '09', 2, 8, 5, 7, 0, 1, 5, 5, 0, 0, 3, 55, 0, 0, 0, 0, 0, 0, 0, 0, 0, 0, 0),
(62, '2016-10-26 18:36:09', 82, NULL, NULL, NULL, NULL, 65, '2016', '09', 0, 0, 0, 0, 0, 0, 0, 0, 0, 0, 0, 0, 0, 0, 0, 0, 0, 0, 0, 0, 0, 0, 0),
(63, '2016-10-26 19:48:40', 100, NULL, NULL, NULL, NULL, 83, '2016', '09', 3, 5, 6, 2, 0, 10, 5, 13, 13, 13, 16, 0, 0, 0, 0, 0, 0, 0, 0, 0, 0, 0, 0),
(64, '2016-10-26 19:48:40', 100, NULL, NULL, NULL, NULL, 83, '2016', '09', 3, 5, 6, 2, 0, 10, 5, 13, 13, 13, 16, 0, 0, 0, 0, 0, 0, 0, 0, 0, 0, 0, 0),
(65, '2016-10-27 08:25:24', 33, NULL, NULL, NULL, NULL, 16, '2016', '10', 42, 26, 32, 0, 0, 0, 0, 4, 0, 1, 2, 0, 0, 0, 0, 0, 0, 0, 0, 0, 0, 0, 0),
(66, '2016-10-27 14:54:21', 87, NULL, NULL, NULL, NULL, 70, '2016', '09', 0, 0, 0, 0, 0, 2, 0, 0, 0, 0, 0, 0, 0, 0, 0, 0, 0, 0, 0, 0, 0, 0, 0),
(67, '2016-10-27 14:55:02', 87, NULL, NULL, NULL, NULL, 70, '2016', '10', 0, 0, 0, 0, 0, 2, 0, 0, 0, 0, 0, 0, 0, 0, 0, 0, 0, 0, 0, 0, 0, 0, 0),
(68, '2016-10-28 10:39:28', 40, NULL, NULL, NULL, NULL, 23, '2016', '09', 0, 0, 0, 0, 0, 0, 0, 0, 0, 0, 0, 0, 0, 0, 0, 0, 0, 0, 0, 0, 0, 0, 0),
(69, '2016-10-28 12:35:32', 38, NULL, NULL, NULL, NULL, 21, '2016', '09', 15, 20, 30, 15, 0, 5, 0, 39, 10, 13, 13, 0, 0, 0, 0, 0, 0, 0, 0, 0, 0, 0, 0),
(70, '2016-10-28 12:52:21', 0, NULL, NULL, NULL, NULL, 0, '2016', '09', 0, 0, 0, 0, 0, 0, 0, 0, 0, 0, 0, 0, 0, 0, 0, 0, 0, 0, 0, 0, 0, 0, 0),
(71, '2016-10-28 12:53:34', 0, NULL, NULL, NULL, NULL, 0, '2016', '09', 15, 20, 30, 15, 0, 3, 7, 39, 14, 14, 15, 0, 0, 0, 0, 0, 0, 0, 0, 0, 0, 0, 0),
(72, '2016-10-28 19:56:04', 64, NULL, NULL, NULL, NULL, 47, '2016', '09', 0, 0, 0, 0, 0, 0, 0, 0, 0, 0, 0, 0, 0, 0, 0, 0, 0, 0, 0, 0, 0, 0, 0),
(73, '2016-10-31 08:28:55', 91, NULL, NULL, NULL, NULL, 74, '2016', '09', 60, 3, 86, 8, 0, 0, 0, 0, 0, 0, 0, 0, 0, 0, 0, 0, 0, 0, 0, 0, 0, 0, 0),
(74, '2016-10-31 08:30:34', 91, NULL, NULL, NULL, NULL, 74, '2016', '09', 0, 0, 0, 0, 0, 0, 0, 0, 0, 2, 4, 0, 0, 0, 0, 0, 0, 0, 0, 0, 0, 0, 0),
(75, '2016-11-01 07:12:25', 56, NULL, NULL, NULL, NULL, 39, '2016', '10', 25, 20, 30, 40, 0, 0, 0, 0, 0, 0, 0, 0, 0, 0, 0, 0, 0, 0, 0, 0, 0, 0, 0),
(76, '2016-11-01 07:13:21', 56, NULL, NULL, NULL, NULL, 39, '2016', '10', 25, 20, 40, 30, 1, 35, 4, 0, 0, 12, 10, 8, 2, 0, 0, 0, 0, 0, 0, 0, 0, 0, 0),
(77, '2016-11-02 11:34:36', 155, NULL, NULL, NULL, NULL, 104, '2016', '11', 100, 75, 80, 50, 0, 0, 0, 20, 10, 10, 10, 1, 0, 0, 5, 0, 0, 0, 0, 0, 0, 0, 0),
(78, '2016-11-02 11:37:22', 158, NULL, NULL, NULL, NULL, 107, '2016', '10', 13, 11, 19, 10, 2, 3, 0, 20, 7, 0, 5, 0, 0, 0, 2, 0, 0, 0, 0, 0, 0, 0, 0),
(79, '2016-11-02 11:38:41', 163, NULL, NULL, NULL, NULL, 112, '2016', '10', 4, 10, 20, 4, 0, 12, 5, 10, 10, 10, 10, 0, 0, 0, 6, 0, 0, 0, 0, 0, 0, 0, 0),
(80, '2016-11-02 11:40:45', 161, NULL, NULL, NULL, NULL, 110, '2016', '10', 12, 10, 10, 5, 0, 15, 0, 12, 10, 9, 9, 0, 0, 0, 12, 0, 0, 0, 0, 0, 0, 0, 0),
(81, '2016-11-02 11:40:45', 161, NULL, NULL, NULL, NULL, 110, '2016', '10', 12, 10, 10, 5, 0, 15, 0, 12, 10, 9, 9, 0, 0, 0, 12, 0, 0, 0, 0, 0, 0, 0, 0),
(82, '2016-11-02 11:45:47', 156, NULL, NULL, NULL, NULL, 105, '2016', '11', 0, 0, 0, 0, 0, 0, 0, 0, 0, 0, 0, 0, 0, 0, 0, 0, 0, 0, 0, 0, 0, 0, 0),
(83, '2016-11-02 11:46:50', 156, NULL, NULL, NULL, NULL, 105, '2016', '02', 2, 0, 3, 0, 0, 1, 0, 0, 1, 0, 0, 0, 0, 0, 0, 0, 0, 0, 0, 0, 0, 0, 0),
(84, '2016-11-02 11:47:44', 170, NULL, NULL, NULL, NULL, 119, '2016', '11', 2, 2, 2, 2, 2, 2, 2, 2, 2, 2, 1, 1, 1, 0, 5, 0, 0, 0, 0, 0, 0, 0, 0),
(85, '2016-11-02 11:49:33', 6, NULL, NULL, NULL, NULL, 1, '2016', '11', 0, 0, 0, 0, 0, 0, 0, 0, 0, 0, 0, 0, 0, 0, 0, 0, 0, 0, 0, 0, 0, 0, 0),
(86, '2016-11-02 11:49:35', 6, NULL, NULL, NULL, NULL, 1, '2016', '11', 0, 0, 0, 0, 0, 0, 0, 0, 0, 0, 0, 0, 0, 0, 0, 0, 0, 0, 0, 0, 0, 0, 0),
(87, '2016-11-02 11:50:42', 170, NULL, NULL, NULL, NULL, 119, '2016', '11', 2, 2, 2, 2, 2, 2, 2, 2, 2, 2, 2, 2, 2, 0, 0, 0, 0, 0, 0, 0, 0, 0, 0),
(88, '2016-11-02 11:57:02', 170, NULL, NULL, NULL, NULL, 119, '2016', '11', 100, 100, 100, 50, 0, 10, 10, 50, 10, 5, 5, 1, 1, 0, 0, 0, 0, 0, 0, 0, 0, 0, 0),
(89, '2016-11-02 12:01:15', 175, NULL, NULL, NULL, NULL, 124, '2016', '11', 5, 5, 5, 22, 0, 2, 15, 0, 13, 3, 3, 26, 5, 0, 5, 0, 0, 0, 0, 0, 0, 0, 0),
(90, '2016-11-02 12:02:47', 181, NULL, NULL, NULL, NULL, 130, '2016', '11', 8, 8, 10, 5, 0, 0, 0, 5, 0, 1, 2, 0, 0, 0, 2, 0, 0, 0, 0, 0, 0, 0, 0),
(91, '2016-11-02 12:16:05', 185, NULL, NULL, NULL, NULL, 134, '2016', '11', 5, 5, 30, 60, 0, 5, 2, 13, 2, 4, 5, 0, 0, 0, 6, 0, 0, 0, 0, 0, 0, 0, 0),
(92, '2016-11-02 13:42:13', 195, NULL, NULL, NULL, NULL, 144, '2016', '11', 20, 0, 40, 5, 0, 0, 60, 10, 0, 2, 4, 0, 0, 0, 5, 2, 2, 0, 0, 0, 0, 0, 0),
(93, '2016-11-02 13:49:24', 188, NULL, NULL, NULL, NULL, 137, '2016', '11', 2, 0, 4, 0, 0, 5, 0, 2, 2, 0, 0, 0, 0, 0, 3, 0, 0, 0, 0, 0, 0, 0, 0),
(94, '2016-11-02 13:51:26', 199, NULL, NULL, NULL, NULL, 148, '2016', '11', 15, 10, 25, 5, 0, 15, 0, 15, 5, 2, 2, 0, 1, 0, 8, 0, 0, 0, 0, 0, 0, 0, 0),
(95, '2016-11-02 13:51:47', 0, NULL, NULL, NULL, NULL, 0, '2016', '11', 0, 0, 0, 0, 140, 0, 0, 0, 130, 0, 0, 0, 0, 0, 0, 0, 0, 0, 0, 0, 0, 0, 0),
(96, '2016-11-02 14:14:10', 188, NULL, NULL, NULL, NULL, 137, '2016', '11', 2, 0, 4, 0, 0, 5, 0, 2, 2, 0, 0, 0, 0, 0, 3, 0, 0, 0, 0, 0, 0, 0, 0),
(97, '2016-11-02 18:00:03', 171, NULL, NULL, NULL, NULL, 120, '2016', '11', 65, 50, 65, 50, 5, 20, 15, 5, 1, 5, 5, 3, 3, 0, 5, 0, 0, 0, 0, 0, 0, 0, 0),
(98, '2016-11-02 18:40:18', 188, NULL, NULL, NULL, NULL, 137, '2016', '11', 0, 0, 0, 0, 0, 0, 0, 0, 0, 0, 0, 0, 0, 0, 0, 0, 0, 0, 0, 0, 0, 0, 0),
(99, '2016-11-03 09:11:17', 162, NULL, NULL, NULL, NULL, 111, '2016', '11', 50, 50, 50, 50, 0, 15, 10, 30, 10, 30, 30, 0, 0, 0, 20, 0, 0, 0, 0, 0, 0, 0, 0),
(100, '2016-11-03 13:52:50', 62, NULL, NULL, NULL, NULL, 45, '2016', '10', 94, 56, 53, 28, 0, 27, 18, 26, 8, 3, 6, 0, 0, 0, 0, 0, 0, 0, 0, 0, 0, 0, 0),
(101, '2016-11-04 10:22:42', 221, NULL, NULL, NULL, NULL, 185, '2016', '11', 2, 0, 0, 5, 0, 0, 0, 8, 1, 2, 0, 0, 0, 0, 0, 0, 0, 0, 0, 0, 0, 0, 0),
(102, '2016-11-04 14:32:07', 225, NULL, NULL, NULL, NULL, 189, '2016', '11', 21, 12, 20, 13, 0, 30, 0, 15, 16, 12, 10, 10, 5, 0, 3, 0, 0, 0, 0, 0, 0, 0, 0),
(103, '2016-11-04 14:35:02', 225, NULL, NULL, NULL, NULL, 189, '2016', '11', 0, 0, 0, 0, 0, 0, 0, 0, 0, 0, 0, 0, 0, 0, 0, 0, 0, 0, 0, 0, 0, 0, 0),
(104, '2016-11-04 19:54:29', 168, NULL, NULL, NULL, NULL, 117, '2016', '11', 15, 15, 25, 10, 0, 10, 5, 15, 1, 5, 5, 0, 0, 0, 0, 0, 0, 0, 0, 0, 0, 0, 0),
(105, '2016-11-04 22:17:06', 206, NULL, NULL, NULL, NULL, 155, '2016', '11', 0, 0, 0, 0, 0, 0, 0, 0, 0, 0, 0, 0, 0, 0, 0, 0, 0, 0, 0, 0, 0, 0, 0),
(106, '2016-11-05 14:55:04', 88, NULL, NULL, NULL, NULL, 71, '2016', '11', 0, 0, 1, 2, 0, 0, 0, 2, 0, 0, 0, 0, 0, 0, 0, 0, 0, 0, 0, 0, 0, 0, 0),
(107, '2016-11-05 19:59:45', 211, NULL, NULL, NULL, NULL, 160, '2016', '11', 29, 35, 15, 5, 0, 15, 16, 25, 1, 0, 0, 2, 0, 0, 3, 0, 0, 0, 0, 0, 0, 0, 0),
(108, '2016-11-06 09:45:03', 179, NULL, NULL, NULL, NULL, 128, '2016', '11', 1, 1, 0, 0, 0, 1, 0, 2, 0, 0, 0, 0, 0, 0, 0, 0, 0, 0, 0, 0, 0, 0, 0),
(109, '2016-11-06 23:33:17', 101, NULL, NULL, NULL, NULL, 84, '2016', '10', 0, 0, 25, 0, 0, 0, 9, 0, 0, 0, 0, 0, 0, 0, 0, 0, 0, 0, 0, 0, 0, 0, 0),
(110, '2016-11-07 16:37:38', 50, '2016-11-11 02:17:38', 233, NULL, NULL, 140, '2016', '09', 25, 25, 40, 20, 0, 30, 100, 134, 60, 13, 13, 13, 13, 0, 0, 0, 0, 0, 0, 0, 0, 0, 0),
(111, '2016-11-07 21:13:19', 4, '2016-11-10 20:25:49', 18, NULL, NULL, 0, '2016', '11', 0, 0, 0, 0, 0, 0, 0, 0, 0, 0, 0, 0, 0, 0, 0, 0, 0, 0, 0, 0, 0, 0, 0),
(112, '2016-11-07 23:38:53', 230, NULL, NULL, NULL, NULL, 203, '2016', '07', 20, 20, 20, 20, 0, 20, 10, 13, 13, 13, 13, 0, 0, 0, 3, 0, 0, 0, 0, 0, 0, 0, 0),
(113, '2016-11-07 23:38:53', 230, NULL, NULL, NULL, NULL, 203, '2016', '07', 20, 20, 20, 20, 0, 20, 10, 13, 13, 13, 13, 0, 0, 0, 3, 0, 0, 0, 0, 0, 0, 0, 0),
(114, '2016-11-07 23:38:54', 230, NULL, NULL, NULL, NULL, 203, '2016', '07', 20, 20, 20, 20, 0, 20, 10, 13, 13, 13, 13, 0, 0, 0, 3, 0, 0, 0, 0, 0, 0, 0, 0),
(115, '2016-11-07 23:39:02', 230, NULL, NULL, NULL, NULL, 203, '2016', '07', 20, 20, 20, 20, 0, 20, 10, 13, 13, 13, 13, 0, 0, 0, 3, 0, 0, 0, 0, 0, 0, 0, 0),
(116, '2016-11-07 23:39:27', 230, NULL, NULL, NULL, NULL, 203, '2016', '07', 20, 20, 20, 20, 0, 20, 10, 13, 13, 13, 13, 0, 0, 0, 3, 0, 0, 0, 0, 0, 0, 0, 0),
(117, '2016-11-07 23:40:38', 230, NULL, NULL, NULL, NULL, 203, '2016', '07', 20, 20, 20, 20, 0, 20, 10, 13, 13, 13, 13, 0, 0, 0, 3, 0, 0, 0, 0, 0, 0, 0, 0),
(118, '2016-11-07 23:43:28', 230, NULL, NULL, NULL, NULL, 203, '2016', '07', 20, 20, 20, 20, 0, 20, 10, 13, 13, 13, 13, 0, 0, 0, 3, 0, 0, 0, 0, 0, 0, 0, 0),
(119, '2016-11-11 02:49:19', 4, NULL, NULL, NULL, NULL, 108, '2016', '11', 0, 0, 0, 0, 0, 6, 6, 6, 6, 6, 4, 4, 4, 6, 7, 7, 7, 3, 4, 5, 4, 0, 0),
(120, '2016-11-11 02:50:02', 4, NULL, NULL, NULL, NULL, 161, '2016', '11', 0, 0, 0, 0, 0, 0, 0, 0, 0, 0, 0, 0, 0, 0, 0, 0, 0, 5, 0, 0, 0, 0, 0),
(121, '2016-11-25 23:04:20', 240, NULL, NULL, NULL, NULL, 135, '2016', '11', 0, 0, 0, 0, 0, 0, 0, 0, 0, 0, 0, 0, 0, 0, 0, 0, 0, 2, 0, 0, 0, 0, 0);

-- --------------------------------------------------------

--
-- Table structure for table `besar`
--

CREATE TABLE IF NOT EXISTS `besar` (
  `id` int(11) NOT NULL AUTO_INCREMENT,
  `created_at` timestamp NOT NULL DEFAULT CURRENT_TIMESTAMP,
  `created_by` int(11) DEFAULT NULL,
  `updated_at` datetime DEFAULT NULL,
  `updated_by` int(11) DEFAULT NULL,
  `deleted_at` datetime DEFAULT NULL,
  `deleted_by` int(11) DEFAULT NULL,
  `nama` varchar(200) NOT NULL,
  `alamat` text NOT NULL,
  `id_kota` int(11) NOT NULL,
  `lokasi` varchar(200) DEFAULT NULL,
  `npwp` varchar(50) DEFAULT NULL,
  `tahun_berdiri` char(4) NOT NULL,
  `kategori` varchar(200) NOT NULL,
  `metode` varchar(200) NOT NULL,
  `id_supplier` int(11) NOT NULL,
  `penanggung_jawab` varchar(200) NOT NULL,
  `no_telp` varchar(50) NOT NULL,
  `email` varchar(200) DEFAULT NULL,
  PRIMARY KEY (`id`)
) ENGINE=InnoDB  DEFAULT CHARSET=utf8 AUTO_INCREMENT=4 ;

--
-- Dumping data for table `besar`
--

INSERT INTO `besar` (`id`, `created_at`, `created_by`, `updated_at`, `updated_by`, `deleted_at`, `deleted_by`, `nama`, `alamat`, `id_kota`, `lokasi`, `npwp`, `tahun_berdiri`, `kategori`, `metode`, `id_supplier`, `penanggung_jawab`, `no_telp`, `email`) VALUES
(1, '2016-11-11 01:49:20', NULL, NULL, NULL, NULL, NULL, 'DIMAS', 'MLG', 270, '', '312', '2015', 'OKE', 'OKE', 1, 'BESAR SEKALI', '1234567', 's@a.as'),
(2, '2016-11-25 22:10:42', 240, NULL, NULL, NULL, NULL, 'USAHA MANDIRI', 'JL. TELUK BUNDA', 51, '21321', '123213', '2012', 'OKE', 'OKE', 3, 'AKU', '1234', 'dimas@gmail.com'),
(3, '2016-12-10 09:40:35', 1, NULL, NULL, NULL, NULL, 'UPIN IPIN CO', 'KAMPUNG DURIAN', 356, '', '12213', '2016', 'OKE', 'EKO', 3, 'ATOK', '12232', 'atok@gmail.com');

-- --------------------------------------------------------

--
-- Table structure for table `besar_foto`
--

CREATE TABLE IF NOT EXISTS `besar_foto` (
  `id` int(11) NOT NULL AUTO_INCREMENT,
  `created_at` timestamp NOT NULL DEFAULT CURRENT_TIMESTAMP,
  `created_by` int(11) DEFAULT NULL,
  `updated_at` datetime DEFAULT NULL,
  `updated_by` int(11) DEFAULT NULL,
  `deleted_at` datetime DEFAULT NULL,
  `deleted_by` int(11) DEFAULT NULL,
  `id_besar` int(11) NOT NULL,
  `nama_file` varchar(50) NOT NULL,
  `keterangan` text,
  `lokasi` varchar(200) DEFAULT NULL,
  PRIMARY KEY (`id`)
) ENGINE=InnoDB DEFAULT CHARSET=utf8 AUTO_INCREMENT=1 ;

--
-- Dumping data for table `besar_foto`
--


-- --------------------------------------------------------

--
-- Table structure for table `besar_laporan`
--

CREATE TABLE IF NOT EXISTS `besar_laporan` (
  `id` int(11) NOT NULL AUTO_INCREMENT,
  `created_at` timestamp NOT NULL DEFAULT CURRENT_TIMESTAMP,
  `created_by` int(11) DEFAULT NULL,
  `updated_at` datetime DEFAULT NULL,
  `updated_by` int(11) DEFAULT NULL,
  `deleted_at` datetime DEFAULT NULL,
  `deleted_by` int(11) DEFAULT NULL,
  `id_besar` int(11) NOT NULL,
  `tahun` char(4) NOT NULL,
  `bulan` char(2) NOT NULL,
  `pembelian_hcfc` double DEFAULT '0',
  `pembelian_preblended` double DEFAULT '0',
  PRIMARY KEY (`id`)
) ENGINE=InnoDB  DEFAULT CHARSET=utf8 AUTO_INCREMENT=4 ;

--
-- Dumping data for table `besar_laporan`
--

INSERT INTO `besar_laporan` (`id`, `created_at`, `created_by`, `updated_at`, `updated_by`, `deleted_at`, `deleted_by`, `id_besar`, `tahun`, `bulan`, `pembelian_hcfc`, `pembelian_preblended`) VALUES
(1, '2016-11-11 02:16:06', 233, NULL, NULL, '2016-11-11 02:19:14', 233, 1, '2016', '11', 4.3, 3.9),
(2, '2016-11-11 02:19:01', 233, NULL, NULL, NULL, NULL, 1, '2016', '10', 3, 6),
(3, '2016-11-25 22:48:23', 240, NULL, NULL, NULL, NULL, 2, '2016', '11', 1, 3);

-- --------------------------------------------------------

--
-- Table structure for table `bulan`
--

CREATE TABLE IF NOT EXISTS `bulan` (
  `bulan` char(2) NOT NULL,
  PRIMARY KEY (`bulan`)
) ENGINE=InnoDB DEFAULT CHARSET=utf8;

--
-- Dumping data for table `bulan`
--

INSERT INTO `bulan` (`bulan`) VALUES
('01'),
('02'),
('03'),
('04'),
('05'),
('06'),
('07'),
('08'),
('09'),
('10'),
('11'),
('12');

-- --------------------------------------------------------

--
-- Table structure for table `institusi`
--

CREATE TABLE IF NOT EXISTS `institusi` (
  `id` int(11) NOT NULL AUTO_INCREMENT,
  `created_at` timestamp NOT NULL DEFAULT CURRENT_TIMESTAMP,
  `created_by` int(11) DEFAULT NULL,
  `updated_at` datetime DEFAULT NULL,
  `updated_by` int(11) DEFAULT NULL,
  `deleted_at` datetime DEFAULT NULL,
  `deleted_by` int(11) DEFAULT NULL,
  `nama` varchar(200) NOT NULL,
  `alamat` text NOT NULL,
  `id_kota` int(11) NOT NULL,
  `lokasi` varchar(200) DEFAULT NULL,
  `tuk` enum('0','1') NOT NULL,
  `tgl_berlaku` date DEFAULT NULL,
  `profil` text,
  `peralatan_rac` text,
  `peralatan_bantuan` text,
  `jenis_pelatihan` varchar(100) NOT NULL,
  `nama_kontak` varchar(200) NOT NULL,
  `no_telp` varchar(50) NOT NULL,
  `email` varchar(200) DEFAULT NULL,
  PRIMARY KEY (`id`)
) ENGINE=InnoDB  DEFAULT CHARSET=utf8 AUTO_INCREMENT=8 ;

--
-- Dumping data for table `institusi`
--

INSERT INTO `institusi` (`id`, `created_at`, `created_by`, `updated_at`, `updated_by`, `deleted_at`, `deleted_by`, `nama`, `alamat`, `id_kota`, `lokasi`, `tuk`, `tgl_berlaku`, `profil`, `peralatan_rac`, `peralatan_bantuan`, `jenis_pelatihan`, `nama_kontak`, `no_telp`, `email`) VALUES
(1, '2016-11-11 02:23:01', NULL, '2016-11-24 01:33:07', 1, '2016-11-24 01:34:39', 1, 'MARLBORO', 'SAD', 19, '', '0', NULL, 'MILD', 'OKE', 'OKE', 'HIKMAH', 'MAHFUD', '96669', 'as@www.vo'),
(2, '2016-11-24 00:38:30', 1, '2016-11-24 01:03:20', 1, '2016-11-24 01:34:39', 1, 'TESTING', 'DI MANA', 364, '', '1', '2016-11-26', 'ASD', 'DSA', NULL, 'SDA', 'ASD', '23', 'asd'),
(3, '2016-11-24 00:39:59', 1, '2016-11-24 01:32:43', 1, '2016-11-24 01:34:39', 1, 'MCGYVER', 'DAS', 154, '', '0', NULL, 'ASD', 'ASD', NULL, 'SAD', 'ASD', '231', 'asdasd'),
(4, '2016-11-24 01:34:55', 1, NULL, NULL, '2016-11-24 01:35:25', 1, 'TESTING', 'ASDAS', 19, '', '0', NULL, 'AD', 'ASD', NULL, 'ASD', 'SAD', '23', 'sad'),
(5, '2016-11-24 01:36:53', 1, NULL, NULL, '2016-11-24 01:37:21', 1, 'ASD', 'WASDAS', 182, '', '0', NULL, 'ASD', 'ASD', NULL, 'ASD', 'SADAS', '213', 'asd'),
(6, '2016-11-24 01:37:16', 1, NULL, NULL, NULL, NULL, 'ASD', 'SADAS', 365, '', '1', '2016-11-26', 'ASDAS', 'SAD', NULL, 'ASD', 'ASD', '23', 'asd'),
(7, '2016-11-25 22:50:16', 240, NULL, NULL, NULL, NULL, 'KADIR INC', 'JL. TELADAN', 51, '', '1', '2016-11-25', '', '', NULL, '', 'KADIR', '31423', 'kadie@gmail.com');

-- --------------------------------------------------------

--
-- Table structure for table `institusi_foto`
--

CREATE TABLE IF NOT EXISTS `institusi_foto` (
  `id` int(11) NOT NULL AUTO_INCREMENT,
  `created_at` timestamp NOT NULL DEFAULT CURRENT_TIMESTAMP,
  `created_by` int(11) DEFAULT NULL,
  `updated_at` datetime DEFAULT NULL,
  `updated_by` int(11) DEFAULT NULL,
  `deleted_at` datetime DEFAULT NULL,
  `deleted_by` int(11) DEFAULT NULL,
  `id_institusi` int(11) NOT NULL,
  `nama_file` varchar(50) NOT NULL,
  `keterangan` text,
  `lokasi` varchar(200) DEFAULT NULL,
  PRIMARY KEY (`id`)
) ENGINE=InnoDB DEFAULT CHARSET=utf8 AUTO_INCREMENT=1 ;

--
-- Dumping data for table `institusi_foto`
--


-- --------------------------------------------------------

--
-- Table structure for table `institusi_laporan`
--

CREATE TABLE IF NOT EXISTS `institusi_laporan` (
  `id` int(11) NOT NULL AUTO_INCREMENT,
  `created_at` timestamp NOT NULL DEFAULT CURRENT_TIMESTAMP,
  `created_by` int(11) DEFAULT NULL,
  `updated_at` datetime DEFAULT NULL,
  `updated_by` int(11) DEFAULT NULL,
  `deleted_at` datetime DEFAULT NULL,
  `deleted_by` int(11) DEFAULT NULL,
  `id_institusi` int(11) NOT NULL,
  `tgl_pelatihan` date NOT NULL,
  `peserta` int(11) DEFAULT '0',
  `peserta_lulus` int(11) DEFAULT NULL,
  `sertifikasi` int(11) DEFAULT '0',
  `jenis_kegiatan` enum('0','1') NOT NULL,
  PRIMARY KEY (`id`)
) ENGINE=InnoDB  DEFAULT CHARSET=utf8 AUTO_INCREMENT=7 ;

--
-- Dumping data for table `institusi_laporan`
--

INSERT INTO `institusi_laporan` (`id`, `created_at`, `created_by`, `updated_at`, `updated_by`, `deleted_at`, `deleted_by`, `id_institusi`, `tgl_pelatihan`, `peserta`, `peserta_lulus`, `sertifikasi`, `jenis_kegiatan`) VALUES
(1, '2016-11-12 12:56:37', 1, '2016-11-12 17:17:21', 1, NULL, NULL, 1, '2016-11-27', 4, NULL, 3, '0'),
(2, '2016-11-12 17:02:44', 1, '2016-11-12 17:17:14', 1, NULL, NULL, 1, '2016-11-30', 1, NULL, 2, '1'),
(3, '2016-11-12 17:12:55', 1, NULL, NULL, NULL, NULL, 1, '2016-11-12', 2, NULL, 7, '1'),
(4, '2016-11-24 20:09:27', 1, '2016-11-24 20:10:47', 1, NULL, NULL, 6, '2016-11-25', 3, 4, 3, '1'),
(5, '2016-11-25 23:02:13', 240, NULL, NULL, NULL, NULL, 7, '2016-11-25', 3, 3, 3, '0'),
(6, '2016-12-01 22:17:52', 1, NULL, NULL, NULL, NULL, 6, '2017-01-20', 12, 2, 1, '0');

-- --------------------------------------------------------

--
-- Table structure for table `kota`
--

CREATE TABLE IF NOT EXISTS `kota` (
  `id` int(11) NOT NULL AUTO_INCREMENT,
  `created_at` timestamp NOT NULL DEFAULT CURRENT_TIMESTAMP,
  `created_by` int(11) DEFAULT NULL,
  `updated_at` datetime DEFAULT NULL,
  `updated_by` int(11) DEFAULT NULL,
  `deleted_at` datetime DEFAULT NULL,
  `deleted_by` int(11) DEFAULT NULL,
  `id_propinsi` int(11) NOT NULL,
  `nama` varchar(200) NOT NULL,
  PRIMARY KEY (`id`)
) ENGINE=InnoDB  DEFAULT CHARSET=utf8 AUTO_INCREMENT=516 ;

--
-- Dumping data for table `kota`
--

INSERT INTO `kota` (`id`, `created_at`, `created_by`, `updated_at`, `updated_by`, `deleted_at`, `deleted_by`, `id_propinsi`, `nama`) VALUES
(1, '2016-10-28 09:50:35', NULL, NULL, NULL, NULL, NULL, 1, 'KAB. ACEH BARAT\r'),
(2, '2016-10-28 09:50:35', NULL, NULL, NULL, NULL, NULL, 1, 'KAB. ACEH BARAT DAYA\r'),
(3, '2016-10-28 09:50:35', NULL, NULL, NULL, NULL, NULL, 1, 'KAB. ACEH BESAR\r'),
(4, '2016-10-28 09:50:35', NULL, NULL, NULL, NULL, NULL, 1, 'KAB. ACEH JAYA\r'),
(5, '2016-10-28 09:50:35', NULL, NULL, NULL, NULL, NULL, 1, 'KAB. ACEH SELATAN\r'),
(6, '2016-10-28 09:50:35', NULL, NULL, NULL, NULL, NULL, 1, 'KAB. ACEH SINGKIL\r'),
(7, '2016-10-28 09:50:35', NULL, NULL, NULL, NULL, NULL, 1, 'KAB. ACEH TAMIANG\r'),
(8, '2016-10-28 09:50:35', NULL, NULL, NULL, NULL, NULL, 1, 'KAB. ACEH TENGAH\r'),
(9, '2016-10-28 09:50:35', NULL, NULL, NULL, NULL, NULL, 1, 'KAB. ACEH TENGGARA\r'),
(10, '2016-10-28 09:50:35', NULL, NULL, NULL, NULL, NULL, 1, 'KAB. ACEH TIMUR\r'),
(11, '2016-10-28 09:50:35', NULL, NULL, NULL, NULL, NULL, 1, 'KAB. ACEH UTARA\r'),
(12, '2016-10-28 09:50:35', NULL, NULL, NULL, NULL, NULL, 1, 'KAB. BENER MERIAH\r'),
(13, '2016-10-28 09:50:35', NULL, NULL, NULL, NULL, NULL, 1, 'KAB. BIREUEN\r'),
(14, '2016-10-28 09:50:35', NULL, NULL, NULL, NULL, NULL, 1, 'KAB. GAYO LUES\r'),
(15, '2016-10-28 09:50:35', NULL, NULL, NULL, NULL, NULL, 1, 'KAB. NAGAN RAYA\r'),
(16, '2016-10-28 09:50:35', NULL, NULL, NULL, NULL, NULL, 1, 'KAB. PIDIE\r'),
(17, '2016-10-28 09:50:35', NULL, NULL, NULL, NULL, NULL, 1, 'KAB. PIDIE JAYA\r'),
(18, '2016-10-28 09:50:35', NULL, NULL, NULL, NULL, NULL, 1, 'KAB. SIMEULUE\r'),
(19, '2016-10-28 09:50:35', NULL, NULL, NULL, NULL, NULL, 1, 'BANDA ACEH\r'),
(20, '2016-10-28 09:50:35', NULL, NULL, NULL, NULL, NULL, 1, 'LANGSA\r'),
(21, '2016-10-28 09:50:35', NULL, NULL, NULL, NULL, NULL, 1, 'LHOKSEUMAWE\r'),
(22, '2016-10-28 09:50:35', NULL, NULL, NULL, NULL, NULL, 1, 'SABANG\r'),
(23, '2016-10-28 09:50:35', NULL, NULL, NULL, NULL, NULL, 1, 'SUBULUSSALAM\r'),
(24, '2016-10-28 09:50:35', NULL, NULL, NULL, NULL, NULL, 2, 'KAB. ASAHAN\r'),
(25, '2016-10-28 09:50:35', NULL, NULL, NULL, NULL, NULL, 2, 'KAB. BATUBARA\r'),
(26, '2016-10-28 09:50:36', NULL, NULL, NULL, NULL, NULL, 2, 'KAB. DAIRI\r'),
(27, '2016-10-28 09:50:36', NULL, NULL, NULL, NULL, NULL, 2, 'KAB. DELI SERDANG\r'),
(28, '2016-10-28 09:50:36', NULL, NULL, NULL, NULL, NULL, 2, 'KAB. HUMBANG HASUNDUTAN\r'),
(29, '2016-10-28 09:50:36', NULL, NULL, NULL, NULL, NULL, 2, 'KAB. KARO\r'),
(30, '2016-10-28 09:50:36', NULL, NULL, NULL, NULL, NULL, 2, 'KAB. LABUHANBATU\r'),
(31, '2016-10-28 09:50:36', NULL, NULL, NULL, NULL, NULL, 2, 'KAB. LABUHANBATU SELATAN\r'),
(32, '2016-10-28 09:50:36', NULL, NULL, NULL, NULL, NULL, 2, 'KAB. LABUHANBATU UTARA\r'),
(33, '2016-10-28 09:50:36', NULL, NULL, NULL, NULL, NULL, 2, 'KAB. LANGKAT\r'),
(34, '2016-10-28 09:50:36', NULL, NULL, NULL, NULL, NULL, 2, 'KAB. MANDAILING NATAL\r'),
(35, '2016-10-28 09:50:36', NULL, NULL, NULL, NULL, NULL, 2, 'KAB. NIAS\r'),
(36, '2016-10-28 09:50:36', NULL, NULL, NULL, NULL, NULL, 2, 'KAB. NIAS BARAT\r'),
(37, '2016-10-28 09:50:36', NULL, NULL, NULL, NULL, NULL, 2, 'KAB. NIAS SELATAN\r'),
(38, '2016-10-28 09:50:36', NULL, NULL, NULL, NULL, NULL, 2, 'KAB. NIAS UTARA\r'),
(39, '2016-10-28 09:50:36', NULL, NULL, NULL, NULL, NULL, 2, 'KAB. PADANG LAWAS\r'),
(40, '2016-10-28 09:50:36', NULL, NULL, NULL, NULL, NULL, 2, 'KAB. PADANG LAWAS UTARA\r'),
(41, '2016-10-28 09:50:36', NULL, NULL, NULL, NULL, NULL, 2, 'KAB. PAKPAK BHARAT\r'),
(42, '2016-10-28 09:50:36', NULL, NULL, NULL, NULL, NULL, 2, 'KAB. SAMOSIR\r'),
(43, '2016-10-28 09:50:36', NULL, NULL, NULL, NULL, NULL, 2, 'KAB. SERDANG BEGADAI\r'),
(44, '2016-10-28 09:50:36', NULL, NULL, NULL, NULL, NULL, 2, 'KAB. SIMALUNGUN\r'),
(45, '2016-10-28 09:50:36', NULL, NULL, NULL, NULL, NULL, 2, 'KAB. TAPANULI SELATAN\r'),
(46, '2016-10-28 09:50:36', NULL, NULL, NULL, NULL, NULL, 2, 'KAB. TAPANULI TENGAH\r'),
(47, '2016-10-28 09:50:36', NULL, NULL, NULL, NULL, NULL, 2, 'KAB. TAPANULI UTARA\r'),
(48, '2016-10-28 09:50:36', NULL, NULL, NULL, NULL, NULL, 2, 'KAB. TOBA SAMOSIR\r'),
(49, '2016-10-28 09:50:36', NULL, NULL, NULL, NULL, NULL, 2, 'BINJAI\r'),
(50, '2016-10-28 09:50:36', NULL, NULL, NULL, NULL, NULL, 2, 'GUNUNGSITOLI\r'),
(51, '2016-10-28 09:50:36', NULL, NULL, NULL, NULL, NULL, 2, 'MEDAN\r'),
(52, '2016-10-28 09:50:36', NULL, NULL, NULL, NULL, NULL, 2, 'PADANGSIDEMPUAN\r'),
(53, '2016-10-28 09:50:36', NULL, NULL, NULL, NULL, NULL, 2, 'PEMATANGSIANTAR\r'),
(54, '2016-10-28 09:50:36', NULL, NULL, NULL, NULL, NULL, 2, 'SIBOLGA\r'),
(55, '2016-10-28 09:50:36', NULL, NULL, NULL, NULL, NULL, 2, 'TANJUNGBALAI\r'),
(56, '2016-10-28 09:50:37', NULL, NULL, NULL, NULL, NULL, 2, 'TEBING TINGGI\r'),
(57, '2016-10-28 09:50:37', NULL, NULL, NULL, NULL, NULL, 3, 'KAB. AGAM\r'),
(58, '2016-10-28 09:50:37', NULL, NULL, NULL, NULL, NULL, 3, 'KAB. DHARMASRAYA\r'),
(59, '2016-10-28 09:50:37', NULL, NULL, NULL, NULL, NULL, 3, 'KAB. KEPULAUAN MENTAWAI\r'),
(60, '2016-10-28 09:50:37', NULL, NULL, NULL, NULL, NULL, 3, 'KAB. LIMA PULUH KOTA\r'),
(61, '2016-10-28 09:50:37', NULL, NULL, NULL, NULL, NULL, 3, 'KAB. PADANG PARIAMAN\r'),
(62, '2016-10-28 09:50:37', NULL, NULL, NULL, NULL, NULL, 3, 'KAB. PASAMAN\r'),
(63, '2016-10-28 09:50:37', NULL, NULL, NULL, NULL, NULL, 3, 'KAB. PASAMAN BARAT\r'),
(64, '2016-10-28 09:50:37', NULL, NULL, NULL, NULL, NULL, 3, 'KAB. PASAMAN SELATAN\r'),
(65, '2016-10-28 09:50:37', NULL, NULL, NULL, NULL, NULL, 3, 'KAB. PESISIR SELATAN\r'),
(66, '2016-10-28 09:50:37', NULL, NULL, NULL, NULL, NULL, 3, 'KAB. SIJUNJUNG\r'),
(67, '2016-10-28 09:50:37', NULL, NULL, NULL, NULL, NULL, 3, 'KAB. SOLOK\r'),
(68, '2016-10-28 09:50:37', NULL, NULL, NULL, NULL, NULL, 3, 'KAB. SOLOK SELATAN\r'),
(69, '2016-10-28 09:50:37', NULL, NULL, NULL, NULL, NULL, 3, 'KAB. TANAH DATAR\r'),
(70, '2016-10-28 09:50:37', NULL, NULL, NULL, NULL, NULL, 3, 'BUKITTINGI\r'),
(71, '2016-10-28 09:50:37', NULL, NULL, NULL, NULL, NULL, 3, 'PADANG\r'),
(72, '2016-10-28 09:50:37', NULL, NULL, NULL, NULL, NULL, 3, 'PADANGPANJANG\r'),
(73, '2016-10-28 09:50:37', NULL, NULL, NULL, NULL, NULL, 3, 'PARIAMAN\r'),
(74, '2016-10-28 09:50:37', NULL, NULL, NULL, NULL, NULL, 3, 'PAYAKUMBUH\r'),
(75, '2016-10-28 09:50:37', NULL, NULL, NULL, NULL, NULL, 3, 'SAWAHLUNTO\r'),
(76, '2016-10-28 09:50:37', NULL, NULL, NULL, NULL, NULL, 3, 'SOLOK\r'),
(77, '2016-10-28 09:50:37', NULL, NULL, NULL, NULL, NULL, 4, 'KAB. BENGKALIS\r'),
(78, '2016-10-28 09:50:37', NULL, NULL, NULL, NULL, NULL, 4, 'KAB. INDRAGIRI HILIR\r'),
(79, '2016-10-28 09:50:37', NULL, NULL, NULL, NULL, NULL, 4, 'KAB. INDRAGIRI HULU\r'),
(80, '2016-10-28 09:50:37', NULL, NULL, NULL, NULL, NULL, 4, 'KAB. KAMPAR\r'),
(81, '2016-10-28 09:50:37', NULL, NULL, NULL, NULL, NULL, 4, 'KAB. KEPULAUAN MERANTI\r'),
(82, '2016-10-28 09:50:37', NULL, NULL, NULL, NULL, NULL, 4, 'KAB. KUANTAN SINGINGI\r'),
(83, '2016-10-28 09:50:37', NULL, NULL, NULL, NULL, NULL, 4, 'KAB. PELALAWAN\r'),
(84, '2016-10-28 09:50:37', NULL, NULL, NULL, NULL, NULL, 4, 'KAB. ROKAN HILIR\r'),
(85, '2016-10-28 09:50:37', NULL, NULL, NULL, NULL, NULL, 4, 'KAB. ROKAN HULU\r'),
(86, '2016-10-28 09:50:38', NULL, NULL, NULL, NULL, NULL, 4, 'KAB. SIAK\r'),
(87, '2016-10-28 09:50:38', NULL, NULL, NULL, NULL, NULL, 4, 'DUMAI\r'),
(88, '2016-10-28 09:50:38', NULL, NULL, NULL, NULL, NULL, 4, 'PEKANBARU\r'),
(89, '2016-10-28 09:50:38', NULL, NULL, NULL, NULL, NULL, 5, 'KAB. BINTAN\r'),
(90, '2016-10-28 09:50:38', NULL, NULL, NULL, NULL, NULL, 5, 'KAB. KARIMUN\r'),
(91, '2016-10-28 09:50:38', NULL, NULL, NULL, NULL, NULL, 5, 'KAB. KEPULAUAN ANAMBAS\r'),
(92, '2016-10-28 09:50:38', NULL, NULL, NULL, NULL, NULL, 5, 'KAB. LINGGA\r'),
(93, '2016-10-28 09:50:38', NULL, NULL, NULL, NULL, NULL, 5, 'KAB. NATUNA\r'),
(94, '2016-10-28 09:50:38', NULL, NULL, NULL, NULL, NULL, 5, 'BATAM\r'),
(95, '2016-10-28 09:50:38', NULL, NULL, NULL, NULL, NULL, 5, 'TANJUNG PINANG\r'),
(96, '2016-10-28 09:50:38', NULL, NULL, NULL, NULL, NULL, 6, 'KAB. BATANGHARI\r'),
(97, '2016-10-28 09:50:38', NULL, NULL, NULL, NULL, NULL, 6, 'KAB. BUNGO\r'),
(98, '2016-10-28 09:50:38', NULL, NULL, NULL, NULL, NULL, 6, 'KAB. KERINCI\r'),
(99, '2016-10-28 09:50:38', NULL, NULL, NULL, NULL, NULL, 6, 'KAB. MERANGIN\r'),
(100, '2016-10-28 09:50:38', NULL, NULL, NULL, NULL, NULL, 6, 'KAB. MUARO JAMBI\r'),
(101, '2016-10-28 09:50:38', NULL, NULL, NULL, NULL, NULL, 6, 'KAB. SAROLANGUN\r'),
(102, '2016-10-28 09:50:38', NULL, NULL, NULL, NULL, NULL, 6, 'KAB. TANJUNG JABUNG BARAT\r'),
(103, '2016-10-28 09:50:38', NULL, NULL, NULL, NULL, NULL, 6, 'KAB. TANJUNG JABUNG TIMUR\r'),
(104, '2016-10-28 09:50:38', NULL, NULL, NULL, NULL, NULL, 6, 'KAB. TEBO\r'),
(105, '2016-10-28 09:50:38', NULL, NULL, NULL, NULL, NULL, 6, 'JAMBI\r'),
(106, '2016-10-28 09:50:38', NULL, NULL, NULL, NULL, NULL, 6, 'SUNGAI PENUH\r'),
(107, '2016-10-28 09:50:38', NULL, NULL, NULL, NULL, NULL, 7, 'KAB. BENGKULU SELATAN\r'),
(108, '2016-10-28 09:50:38', NULL, NULL, NULL, NULL, NULL, 7, 'KAB. BENGKULU TENGAH\r'),
(109, '2016-10-28 09:50:38', NULL, NULL, NULL, NULL, NULL, 7, 'KAB. BENGKULU UTARA\r'),
(110, '2016-10-28 09:50:38', NULL, NULL, NULL, NULL, NULL, 7, 'KAB. KAUR\r'),
(111, '2016-10-28 09:50:38', NULL, NULL, NULL, NULL, NULL, 7, 'KAB. KEPAHIANG\r'),
(112, '2016-10-28 09:50:38', NULL, NULL, NULL, NULL, NULL, 7, 'KAB. LEBONG\r'),
(113, '2016-10-28 09:50:38', NULL, NULL, NULL, NULL, NULL, 7, 'KAB. MUKOMUKO\r'),
(114, '2016-10-28 09:50:38', NULL, NULL, NULL, NULL, NULL, 7, 'KAB. REJANG LEBONG\r'),
(115, '2016-10-28 09:50:38', NULL, NULL, NULL, NULL, NULL, 7, 'KAB. SELUMA\r'),
(116, '2016-10-28 09:50:39', NULL, NULL, NULL, NULL, NULL, 7, 'BENGKULU\r'),
(117, '2016-10-28 09:50:39', NULL, NULL, NULL, NULL, NULL, 8, 'KAB. BANYUASIN\r'),
(118, '2016-10-28 09:50:39', NULL, NULL, NULL, NULL, NULL, 8, 'KAB. EMPAT LAWANG\r'),
(119, '2016-10-28 09:50:39', NULL, NULL, NULL, NULL, NULL, 8, 'KAB. LAHAT\r'),
(120, '2016-10-28 09:50:39', NULL, NULL, NULL, NULL, NULL, 8, 'KAB. MUARA ENIM\r'),
(121, '2016-10-28 09:50:39', NULL, NULL, NULL, NULL, NULL, 8, 'KAB. MUSI BANYUASIN\r'),
(122, '2016-10-28 09:50:39', NULL, NULL, NULL, NULL, NULL, 8, 'KAB. MUSI RAWAS\r'),
(123, '2016-10-28 09:50:39', NULL, NULL, NULL, NULL, NULL, 8, 'KAB. MUSI RAWAS UTARA\r'),
(124, '2016-10-28 09:50:39', NULL, NULL, NULL, NULL, NULL, 8, 'KAB. OGAN ILIR\r'),
(125, '2016-10-28 09:50:39', NULL, NULL, NULL, NULL, NULL, 8, 'KAB. OGAN KOMERING ILIR\r'),
(126, '2016-10-28 09:50:39', NULL, NULL, NULL, NULL, NULL, 8, 'KAB. OGAN KOMERING ULU\r'),
(127, '2016-10-28 09:50:39', NULL, NULL, NULL, NULL, NULL, 8, 'KAB. OGAN KOMERING ULU SELATAN\r'),
(128, '2016-10-28 09:50:39', NULL, NULL, NULL, NULL, NULL, 8, 'KAB. OGAN KOMERING ULU TIMUR\r'),
(129, '2016-10-28 09:50:39', NULL, NULL, NULL, NULL, NULL, 8, 'KAB. PENUKAL ABAB LEMATANG ILIR\r'),
(130, '2016-10-28 09:50:39', NULL, NULL, NULL, NULL, NULL, 8, 'LUBUKLINGGAU\r'),
(131, '2016-10-28 09:50:39', NULL, NULL, NULL, NULL, NULL, 8, 'PAGAR ALAM\r'),
(132, '2016-10-28 09:50:39', NULL, NULL, NULL, NULL, NULL, 8, 'PALEMBANG\r'),
(133, '2016-10-28 09:50:39', NULL, NULL, NULL, NULL, NULL, 8, 'PRABUMULIH\r'),
(134, '2016-10-28 09:50:39', NULL, NULL, NULL, NULL, NULL, 9, 'KAB. BANGKA\r'),
(135, '2016-10-28 09:50:39', NULL, NULL, NULL, NULL, NULL, 9, 'KAB. BANGKA BARAT\r'),
(136, '2016-10-28 09:50:39', NULL, NULL, NULL, NULL, NULL, 9, 'KAB. BANGKA SELATAN\r'),
(137, '2016-10-28 09:50:39', NULL, NULL, NULL, NULL, NULL, 9, 'KAB. BANGKA TENGAH\r'),
(138, '2016-10-28 09:50:39', NULL, NULL, NULL, NULL, NULL, 9, 'KAB. BELITUNG\r'),
(139, '2016-10-28 09:50:39', NULL, NULL, NULL, NULL, NULL, 9, 'KAB. BELITUNG TIMUR\r'),
(140, '2016-10-28 09:50:39', NULL, NULL, NULL, NULL, NULL, 9, 'PANGKAL PINANG\r'),
(141, '2016-10-28 09:50:39', NULL, NULL, NULL, NULL, NULL, 10, 'KAB. LAMPUNG BARAT\r'),
(142, '2016-10-28 09:50:39', NULL, NULL, NULL, NULL, NULL, 10, 'KAB. LAMPUNG SELATAN\r'),
(143, '2016-10-28 09:50:39', NULL, NULL, NULL, NULL, NULL, 10, 'KAB. LAMPUNG TENGAH\r'),
(144, '2016-10-28 09:50:39', NULL, NULL, NULL, NULL, NULL, 10, 'KAB. LAMPUNG TIMUR\r'),
(145, '2016-10-28 09:50:40', NULL, NULL, NULL, NULL, NULL, 10, 'KAB. LAMPUNG UTARA\r'),
(146, '2016-10-28 09:50:40', NULL, NULL, NULL, NULL, NULL, 10, 'KAB. MESUJI\r'),
(147, '2016-10-28 09:50:40', NULL, NULL, NULL, NULL, NULL, 10, 'KAB. PESAWARAN\r'),
(148, '2016-10-28 09:50:40', NULL, NULL, NULL, NULL, NULL, 10, 'KAB. PESISIR BARAT\r'),
(149, '2016-10-28 09:50:40', NULL, NULL, NULL, NULL, NULL, 10, 'KAB. PRINGSEWU\r'),
(150, '2016-10-28 09:50:40', NULL, NULL, NULL, NULL, NULL, 10, 'KAB. TANGGAMUS\r'),
(151, '2016-10-28 09:50:40', NULL, NULL, NULL, NULL, NULL, 10, 'KAB. TULANG BAWANG\r'),
(152, '2016-10-28 09:50:40', NULL, NULL, NULL, NULL, NULL, 10, 'KAB. TULANG BAWANG BARAT\r'),
(153, '2016-10-28 09:50:40', NULL, NULL, NULL, NULL, NULL, 10, 'KAB. WAY KANAN\r'),
(154, '2016-10-28 09:50:40', NULL, NULL, NULL, NULL, NULL, 10, 'BANDAR LAMPUNG\r'),
(155, '2016-10-28 09:50:40', NULL, NULL, NULL, NULL, NULL, 10, 'METRO\r'),
(156, '2016-10-28 09:50:40', NULL, NULL, NULL, NULL, NULL, 11, 'KAB. LEBAK\r'),
(157, '2016-10-28 09:50:40', NULL, NULL, NULL, NULL, NULL, 11, 'KAB. PANDEGLANG\r'),
(158, '2016-10-28 09:50:40', NULL, NULL, NULL, NULL, NULL, 11, 'KAB. SERANG\r'),
(159, '2016-10-28 09:50:40', NULL, NULL, NULL, NULL, NULL, 11, 'KAB. TANGERANG\r'),
(160, '2016-10-28 09:50:40', NULL, NULL, NULL, NULL, NULL, 11, 'CILEGON\r'),
(161, '2016-10-28 09:50:40', NULL, NULL, NULL, NULL, NULL, 11, 'SERANG\r'),
(162, '2016-10-28 09:50:40', NULL, NULL, NULL, NULL, NULL, 11, 'TANGERANG\r'),
(163, '2016-10-28 09:50:40', NULL, NULL, NULL, NULL, NULL, 11, 'TANGERANG SELATAN\r'),
(164, '2016-10-28 09:50:40', NULL, NULL, NULL, NULL, NULL, 12, 'KAB. BANDUNG\r'),
(165, '2016-10-28 09:50:40', NULL, NULL, NULL, NULL, NULL, 12, 'KAB. BANDUNG BARAT\r'),
(166, '2016-10-28 09:50:40', NULL, NULL, NULL, NULL, NULL, 12, 'KAB. BEKASI\r'),
(167, '2016-10-28 09:50:40', NULL, NULL, NULL, NULL, NULL, 12, 'KAB. BOGOR\r'),
(168, '2016-10-28 09:50:40', NULL, NULL, NULL, NULL, NULL, 12, 'KAB. CIAMIS\r'),
(169, '2016-10-28 09:50:40', NULL, NULL, NULL, NULL, NULL, 12, 'KAB. CIANJUR\r'),
(170, '2016-10-28 09:50:40', NULL, NULL, NULL, NULL, NULL, 12, 'KAB. CIREBON\r'),
(171, '2016-10-28 09:50:40', NULL, NULL, NULL, NULL, NULL, 12, 'KAB. GARUT\r'),
(172, '2016-10-28 09:50:40', NULL, NULL, NULL, NULL, NULL, 12, 'KAB. INDRAMAYU\r'),
(173, '2016-10-28 09:50:40', NULL, NULL, NULL, NULL, NULL, 12, 'KAB. KARAWANG\r'),
(174, '2016-10-28 09:50:40', NULL, NULL, NULL, NULL, NULL, 12, 'KAB. KUNINGAN\r'),
(175, '2016-10-28 09:50:41', NULL, NULL, NULL, NULL, NULL, 12, 'KAB. MAJALENGKA\r'),
(176, '2016-10-28 09:50:41', NULL, NULL, NULL, NULL, NULL, 12, 'KAB. PANGANDARAN\r'),
(177, '2016-10-28 09:50:41', NULL, NULL, NULL, NULL, NULL, 12, 'KAB. PURWAKARTA\r'),
(178, '2016-10-28 09:50:41', NULL, NULL, NULL, NULL, NULL, 12, 'KAB. SUBANG\r'),
(179, '2016-10-28 09:50:41', NULL, NULL, NULL, NULL, NULL, 12, 'KAB. SUKABUMI\r'),
(180, '2016-10-28 09:50:41', NULL, NULL, NULL, NULL, NULL, 12, 'KAB. SUMEDANG\r'),
(181, '2016-10-28 09:50:41', NULL, NULL, NULL, NULL, NULL, 12, 'KAB. TASIKMALAYA\r'),
(182, '2016-10-28 09:50:41', NULL, NULL, NULL, NULL, NULL, 12, 'BANDUNG\r'),
(183, '2016-10-28 09:50:41', NULL, NULL, NULL, NULL, NULL, 12, 'BANJAR\r'),
(184, '2016-10-28 09:50:41', NULL, NULL, NULL, NULL, NULL, 12, 'BEKASI\r'),
(185, '2016-10-28 09:50:41', NULL, NULL, NULL, NULL, NULL, 12, 'BOGOR\r'),
(186, '2016-10-28 09:50:41', NULL, NULL, NULL, NULL, NULL, 12, 'CIMAHI\r'),
(187, '2016-10-28 09:50:41', NULL, NULL, NULL, NULL, NULL, 12, 'CIREBON\r'),
(188, '2016-10-28 09:50:41', NULL, NULL, NULL, NULL, NULL, 12, 'DEPOK\r'),
(189, '2016-10-28 09:50:41', NULL, NULL, NULL, NULL, NULL, 12, 'SUKABUMI\r'),
(190, '2016-10-28 09:50:41', NULL, NULL, NULL, NULL, NULL, 12, 'TASIKMALAYA\r'),
(191, '2016-10-28 09:50:41', NULL, NULL, NULL, NULL, NULL, 13, 'KAB. KEPULAUAN SERIBU\r'),
(192, '2016-10-28 09:50:41', NULL, NULL, NULL, NULL, NULL, 13, 'JAKARTA BARAT\r'),
(193, '2016-10-28 09:50:41', NULL, NULL, NULL, NULL, NULL, 13, 'JAKARTA PUSAT\r'),
(194, '2016-10-28 09:50:41', NULL, NULL, NULL, NULL, NULL, 13, 'JAKARTA SELATAN\r'),
(195, '2016-10-28 09:50:41', NULL, NULL, NULL, NULL, NULL, 13, 'JAKARTA TIMUR\r'),
(196, '2016-10-28 09:50:41', NULL, NULL, NULL, NULL, NULL, 13, 'JAKARTA UTARA\r'),
(197, '2016-10-28 09:50:41', NULL, NULL, NULL, NULL, NULL, 14, 'KAB. BANJARNEGARA\r'),
(198, '2016-10-28 09:50:41', NULL, NULL, NULL, NULL, NULL, 14, 'KAB. BANYUMAS\r'),
(199, '2016-10-28 09:50:41', NULL, NULL, NULL, NULL, NULL, 14, 'KAB. BATANG\r'),
(200, '2016-10-28 09:50:41', NULL, NULL, NULL, NULL, NULL, 14, 'KAB. BLORA\r'),
(201, '2016-10-28 09:50:41', NULL, NULL, NULL, NULL, NULL, 14, 'KAB. BOYOLALI\r'),
(202, '2016-10-28 09:50:41', NULL, NULL, NULL, NULL, NULL, 14, 'KAB. BREBES\r'),
(203, '2016-10-28 09:50:41', NULL, NULL, NULL, NULL, NULL, 14, 'KAB. CILACAP\r'),
(204, '2016-10-28 09:50:42', NULL, NULL, NULL, NULL, NULL, 14, 'KAB. DEMAK\r'),
(205, '2016-10-28 09:50:42', NULL, NULL, NULL, NULL, NULL, 14, 'KAB. GROBOGAN\r'),
(206, '2016-10-28 09:50:42', NULL, NULL, NULL, NULL, NULL, 14, 'KAB. JEPARA\r'),
(207, '2016-10-28 09:50:42', NULL, NULL, NULL, NULL, NULL, 14, 'KAB. KARANGANYAR\r'),
(208, '2016-10-28 09:50:42', NULL, NULL, NULL, NULL, NULL, 14, 'KAB. KEBUMEN\r'),
(209, '2016-10-28 09:50:42', NULL, NULL, NULL, NULL, NULL, 14, 'KAB. KENDAL\r'),
(210, '2016-10-28 09:50:42', NULL, NULL, NULL, NULL, NULL, 14, 'KAB. KLATEN\r'),
(211, '2016-10-28 09:50:42', NULL, NULL, NULL, NULL, NULL, 14, 'KAB. KUDUS\r'),
(212, '2016-10-28 09:50:42', NULL, NULL, NULL, NULL, NULL, 14, 'KAB. MAGELANG\r'),
(213, '2016-10-28 09:50:42', NULL, NULL, NULL, NULL, NULL, 14, 'KAB. PATI\r'),
(214, '2016-10-28 09:50:42', NULL, NULL, NULL, NULL, NULL, 14, 'KAB. PEKALONGAN\r'),
(215, '2016-10-28 09:50:42', NULL, NULL, NULL, NULL, NULL, 14, 'KAB. PEMALANG\r'),
(216, '2016-10-28 09:50:42', NULL, NULL, NULL, NULL, NULL, 14, 'KAB. PURBALINGGA\r'),
(217, '2016-10-28 09:50:42', NULL, NULL, NULL, NULL, NULL, 14, 'KAB. PURWOREJO\r'),
(218, '2016-10-28 09:50:42', NULL, NULL, NULL, NULL, NULL, 14, 'KAB. REMBANG\r'),
(219, '2016-10-28 09:50:42', NULL, NULL, NULL, NULL, NULL, 14, 'KAB. SEMARANG\r'),
(220, '2016-10-28 09:50:42', NULL, NULL, NULL, NULL, NULL, 14, 'KAB. SRAGEN\r'),
(221, '2016-10-28 09:50:42', NULL, NULL, NULL, NULL, NULL, 14, 'KAB. SUKOHARJO\r'),
(222, '2016-10-28 09:50:42', NULL, NULL, NULL, NULL, NULL, 14, 'KAB. TEGAL\r'),
(223, '2016-10-28 09:50:42', NULL, NULL, NULL, NULL, NULL, 14, 'KAB. TEMANGGUNG\r'),
(224, '2016-10-28 09:50:42', NULL, NULL, NULL, NULL, NULL, 14, 'KAB. WONOGIRI\r'),
(225, '2016-10-28 09:50:42', NULL, NULL, NULL, NULL, NULL, 14, 'KAB. WONOSOBO\r'),
(226, '2016-10-28 09:50:42', NULL, NULL, NULL, NULL, NULL, 14, 'MAGELANG\r'),
(227, '2016-10-28 09:50:42', NULL, NULL, NULL, NULL, NULL, 14, 'PEKALONGAN\r'),
(228, '2016-10-28 09:50:42', NULL, NULL, NULL, NULL, NULL, 14, 'SALATIGA\r'),
(229, '2016-10-28 09:50:42', NULL, NULL, NULL, NULL, NULL, 14, 'SEMARANG\r'),
(230, '2016-10-28 09:50:42', NULL, NULL, NULL, NULL, NULL, 14, 'SURAKARTA\r'),
(231, '2016-10-28 09:50:42', NULL, NULL, NULL, NULL, NULL, 14, 'TEGAL\r'),
(232, '2016-10-28 09:50:43', NULL, NULL, NULL, NULL, NULL, 15, 'KAB. BANTUL\r'),
(233, '2016-10-28 09:50:43', NULL, NULL, NULL, NULL, NULL, 15, 'KAB. GUNUNGKIDUL\r'),
(234, '2016-10-28 09:50:43', NULL, NULL, NULL, NULL, NULL, 15, 'KAB. KULON PROGO\r'),
(235, '2016-10-28 09:50:43', NULL, NULL, NULL, NULL, NULL, 15, 'KAB. SLEMAN\r'),
(236, '2016-10-28 09:50:43', NULL, NULL, NULL, NULL, NULL, 15, 'YOGYAKARTA\r'),
(237, '2016-10-28 09:50:43', NULL, NULL, NULL, NULL, NULL, 16, 'KAB. BANGKALAN\r'),
(238, '2016-10-28 09:50:43', NULL, NULL, NULL, NULL, NULL, 16, 'KAB. BANYUWANGI\r'),
(239, '2016-10-28 09:50:43', NULL, NULL, NULL, NULL, NULL, 16, 'KAB. BLITAR\r'),
(240, '2016-10-28 09:50:43', NULL, NULL, NULL, NULL, NULL, 16, 'KAB. BOJONEGORO\r'),
(241, '2016-10-28 09:50:43', NULL, NULL, NULL, NULL, NULL, 16, 'KAB. BONDOWOSO\r'),
(242, '2016-10-28 09:50:43', NULL, NULL, NULL, NULL, NULL, 16, 'KAB. GRESIK\r'),
(243, '2016-10-28 09:50:43', NULL, NULL, NULL, NULL, NULL, 16, 'KAB. JEMBER\r'),
(244, '2016-10-28 09:50:43', NULL, NULL, NULL, NULL, NULL, 16, 'KAB. JOMBANG\r'),
(245, '2016-10-28 09:50:43', NULL, NULL, NULL, NULL, NULL, 16, 'KAB. KEDIRI\r'),
(246, '2016-10-28 09:50:43', NULL, NULL, NULL, NULL, NULL, 16, 'KAB. LAMONGAN\r'),
(247, '2016-10-28 09:50:43', NULL, NULL, NULL, NULL, NULL, 16, 'KAB. LUMAJANG\r'),
(248, '2016-10-28 09:50:43', NULL, NULL, NULL, NULL, NULL, 16, 'KAB. MADIUN\r'),
(249, '2016-10-28 09:50:43', NULL, NULL, NULL, NULL, NULL, 16, 'KAB. MAGETAN\r'),
(250, '2016-10-28 09:50:43', NULL, NULL, NULL, NULL, NULL, 16, 'KAB. MALANG\r'),
(251, '2016-10-28 09:50:43', NULL, NULL, NULL, NULL, NULL, 16, 'KAB. MOJOKERTO\r'),
(252, '2016-10-28 09:50:43', NULL, NULL, NULL, NULL, NULL, 16, 'KAB. NGANJUK\r'),
(253, '2016-10-28 09:50:43', NULL, NULL, NULL, NULL, NULL, 16, 'KAB. NGAWI\r'),
(254, '2016-10-28 09:50:43', NULL, NULL, NULL, NULL, NULL, 16, 'KAB. PACITAN\r'),
(255, '2016-10-28 09:50:43', NULL, NULL, NULL, NULL, NULL, 16, 'KAB. PAMEKASAN\r'),
(256, '2016-10-28 09:50:43', NULL, NULL, NULL, NULL, NULL, 16, 'KAB. PASURUAN\r'),
(257, '2016-10-28 09:50:43', NULL, NULL, NULL, NULL, NULL, 16, 'KAB. PONOROGO\r'),
(258, '2016-10-28 09:50:43', NULL, NULL, NULL, NULL, NULL, 16, 'KAB. PROBOLINGGO\r'),
(259, '2016-10-28 09:50:43', NULL, NULL, NULL, NULL, NULL, 16, 'KAB. SAMPANG\r'),
(260, '2016-10-28 09:50:44', NULL, NULL, NULL, NULL, NULL, 16, 'KAB. SIDOARJO\r'),
(261, '2016-10-28 09:50:44', NULL, NULL, NULL, NULL, NULL, 16, 'KAB. SITUBONDO\r'),
(262, '2016-10-28 09:50:44', NULL, NULL, NULL, NULL, NULL, 16, 'KAB. SUMENEP\r'),
(263, '2016-10-28 09:50:44', NULL, NULL, NULL, NULL, NULL, 16, 'KAB. TRENGGALEK\r'),
(264, '2016-10-28 09:50:44', NULL, NULL, NULL, NULL, NULL, 16, 'KAB. TUBAN\r'),
(265, '2016-10-28 09:50:44', NULL, NULL, NULL, NULL, NULL, 16, 'KAB. TULUNGAGUNG\r'),
(266, '2016-10-28 09:50:44', NULL, NULL, NULL, NULL, NULL, 16, 'BATU\r'),
(267, '2016-10-28 09:50:44', NULL, NULL, NULL, NULL, NULL, 16, 'BLITAR\r'),
(268, '2016-10-28 09:50:44', NULL, NULL, NULL, NULL, NULL, 16, 'KEDIRI\r'),
(269, '2016-10-28 09:50:44', NULL, NULL, NULL, NULL, NULL, 16, 'MADIUN\r'),
(270, '2016-10-28 09:50:44', NULL, NULL, NULL, NULL, NULL, 15, 'MALANG'),
(271, '2016-10-28 09:50:44', NULL, NULL, NULL, NULL, NULL, 16, 'MOJOKERTO\r'),
(272, '2016-10-28 09:50:44', NULL, NULL, NULL, NULL, NULL, 16, 'PASURUAN\r'),
(273, '2016-10-28 09:50:44', NULL, NULL, NULL, NULL, NULL, 16, 'PROBOLINGGO\r'),
(274, '2016-10-28 09:50:44', NULL, NULL, NULL, NULL, NULL, 16, 'SURABAYA\r'),
(275, '2016-10-28 09:50:44', NULL, NULL, NULL, NULL, NULL, 17, 'KAB. BADUNG\r'),
(276, '2016-10-28 09:50:44', NULL, NULL, NULL, NULL, NULL, 17, 'KAB. BANGLI\r'),
(277, '2016-10-28 09:50:44', NULL, NULL, NULL, NULL, NULL, 17, 'KAB. BULELENG\r'),
(278, '2016-10-28 09:50:44', NULL, NULL, NULL, NULL, NULL, 17, 'KAB. GIANYAR\r'),
(279, '2016-10-28 09:50:44', NULL, NULL, NULL, NULL, NULL, 17, 'KAB. JEMBRANA\r'),
(280, '2016-10-28 09:50:44', NULL, NULL, NULL, NULL, NULL, 17, 'KAB. KARANGASEM\r'),
(281, '2016-10-28 09:50:44', NULL, NULL, NULL, NULL, NULL, 17, 'KAB. KLUNGKUNG\r'),
(282, '2016-10-28 09:50:44', NULL, NULL, NULL, NULL, NULL, 17, 'KAB. TABANAN\r'),
(283, '2016-10-28 09:50:44', NULL, NULL, NULL, NULL, NULL, 17, 'DENPASAR\r'),
(284, '2016-10-28 09:50:45', NULL, NULL, NULL, NULL, NULL, 18, 'KAB. BIMA\r'),
(285, '2016-10-28 09:50:45', NULL, NULL, NULL, NULL, NULL, 18, 'KAB. DOMPU\r'),
(286, '2016-10-28 09:50:45', NULL, NULL, NULL, NULL, NULL, 18, 'KAB. LOMBOK BARAT\r'),
(287, '2016-10-28 09:50:45', NULL, NULL, NULL, NULL, NULL, 18, 'KAB. LOMBOK TENGAH\r'),
(288, '2016-10-28 09:50:45', NULL, NULL, NULL, NULL, NULL, 18, 'KAB. LOMBOK TIMUR\r'),
(289, '2016-10-28 09:50:45', NULL, NULL, NULL, NULL, NULL, 18, 'KAB. LOMBOK UTARA\r'),
(290, '2016-10-28 09:50:45', NULL, NULL, NULL, NULL, NULL, 18, 'KAB. LOMBOK SUMBAWA\r'),
(291, '2016-10-28 09:50:45', NULL, NULL, NULL, NULL, NULL, 18, 'KAB. LOMBOK SUMBAWA BARAT\r'),
(292, '2016-10-28 09:50:45', NULL, NULL, NULL, NULL, NULL, 18, 'BIMA\r'),
(293, '2016-10-28 09:50:45', NULL, NULL, NULL, NULL, NULL, 18, 'MATARAM\r'),
(294, '2016-10-28 09:50:45', NULL, NULL, NULL, NULL, NULL, 19, 'KAB. ALOR\r'),
(295, '2016-10-28 09:50:45', NULL, NULL, NULL, NULL, NULL, 19, 'KAB. BELU\r'),
(296, '2016-10-28 09:50:45', NULL, NULL, NULL, NULL, NULL, 19, 'KAB. ENDE\r'),
(297, '2016-10-28 09:50:45', NULL, NULL, NULL, NULL, NULL, 19, 'KAB. FLORES TIMUR\r'),
(298, '2016-10-28 09:50:45', NULL, NULL, NULL, NULL, NULL, 19, 'KAB. KUPANG\r'),
(299, '2016-10-28 09:50:45', NULL, NULL, NULL, NULL, NULL, 19, 'KAB. LEMBATA\r'),
(300, '2016-10-28 09:50:45', NULL, NULL, NULL, NULL, NULL, 19, 'KAB. MALAKA\r'),
(301, '2016-10-28 09:50:45', NULL, NULL, NULL, NULL, NULL, 19, 'KAB. MANGGARAI\r'),
(302, '2016-10-28 09:50:45', NULL, NULL, NULL, NULL, NULL, 19, 'KAB. MANGGARAI BARAT\r'),
(303, '2016-10-28 09:50:46', NULL, NULL, NULL, NULL, NULL, 19, 'KAB. MANGGARAI TIMUR\r'),
(304, '2016-10-28 09:50:46', NULL, NULL, NULL, NULL, NULL, 19, 'KAB. NGADA\r'),
(305, '2016-10-28 09:50:46', NULL, NULL, NULL, NULL, NULL, 19, 'KAB. NAGEKEO\r'),
(306, '2016-10-28 09:50:46', NULL, NULL, NULL, NULL, NULL, 19, 'KAB. ROTE NDAO\r'),
(307, '2016-10-28 09:50:46', NULL, NULL, NULL, NULL, NULL, 19, 'KAB. SABU RAIJUA\r'),
(308, '2016-10-28 09:50:46', NULL, NULL, NULL, NULL, NULL, 19, 'KAB. SIKKA\r'),
(309, '2016-10-28 09:50:46', NULL, NULL, NULL, NULL, NULL, 19, 'KAB. SUMBA BARAT\r'),
(310, '2016-10-28 09:50:46', NULL, NULL, NULL, NULL, NULL, 19, 'KAB. SUMBA BARAT DAYA\r'),
(311, '2016-10-28 09:50:46', NULL, NULL, NULL, NULL, NULL, 19, 'KAB. SUMBA TENGAH\r'),
(312, '2016-10-28 09:50:46', NULL, NULL, NULL, NULL, NULL, 19, 'KAB. SUMBA TIMUR\r'),
(313, '2016-10-28 09:50:46', NULL, NULL, NULL, NULL, NULL, 19, 'KAB. TIMOR TENGAH SELATAN\r'),
(314, '2016-10-28 09:50:46', NULL, NULL, NULL, NULL, NULL, 19, 'KAB. TIMOR TENGAH UTARA\r'),
(315, '2016-10-28 09:50:46', NULL, NULL, NULL, NULL, NULL, 19, 'KUPANG\r'),
(316, '2016-10-28 09:50:46', NULL, NULL, NULL, NULL, NULL, 20, 'KAB. BENGKAYANG\r'),
(317, '2016-10-28 09:50:46', NULL, NULL, NULL, NULL, NULL, 20, 'KAB. KAPUAS HULU\r'),
(318, '2016-10-28 09:50:46', NULL, NULL, NULL, NULL, NULL, 20, 'KAB. KAYONG UTARA\r'),
(319, '2016-10-28 09:50:46', NULL, NULL, NULL, NULL, NULL, 20, 'KAB. KETAPANG\r'),
(320, '2016-10-28 09:50:46', NULL, NULL, NULL, NULL, NULL, 20, 'KAB. KUBU RAYA\r'),
(321, '2016-10-28 09:50:46', NULL, NULL, NULL, NULL, NULL, 20, 'KAB. LANDAK\r'),
(322, '2016-10-28 09:50:46', NULL, NULL, NULL, NULL, NULL, 20, 'KAB. MELAWI\r'),
(323, '2016-10-28 09:50:46', NULL, NULL, NULL, NULL, NULL, 20, 'KAB. MEMPAWAH\r'),
(324, '2016-10-28 09:50:46', NULL, NULL, NULL, NULL, NULL, 20, 'KAB. SAMBAS\r'),
(325, '2016-10-28 09:50:47', NULL, NULL, NULL, NULL, NULL, 20, 'KAB. SANGGAU\r'),
(326, '2016-10-28 09:50:47', NULL, NULL, NULL, NULL, NULL, 20, 'KAB. SEKADAU\r'),
(327, '2016-10-28 09:50:47', NULL, NULL, NULL, NULL, NULL, 20, 'KAB. SINTANG\r'),
(328, '2016-10-28 09:50:47', NULL, NULL, NULL, NULL, NULL, 20, 'PONTIANAK\r'),
(329, '2016-10-28 09:50:47', NULL, NULL, NULL, NULL, NULL, 20, 'SINGKAWANG\r'),
(330, '2016-10-28 09:50:47', NULL, NULL, NULL, NULL, NULL, 21, 'KAB. BALANGAN\r'),
(331, '2016-10-28 09:50:47', NULL, NULL, NULL, NULL, NULL, 21, 'KAB. BANJAR\r'),
(332, '2016-10-28 09:50:47', NULL, NULL, NULL, NULL, NULL, 21, 'KAB. BARITO KUALA\r'),
(333, '2016-10-28 09:50:47', NULL, NULL, NULL, NULL, NULL, 21, 'KAB. HULU SUNGAI SELATAN\r'),
(334, '2016-10-28 09:50:47', NULL, NULL, NULL, NULL, NULL, 21, 'KAB. HULU SUNGAI TENGAH\r'),
(335, '2016-10-28 09:50:47', NULL, NULL, NULL, NULL, NULL, 21, 'KAB. HULU SUNGAI UTARA\r'),
(336, '2016-10-28 09:50:47', NULL, NULL, NULL, NULL, NULL, 21, 'KAB. KOTABARU\r'),
(337, '2016-10-28 09:50:47', NULL, NULL, NULL, NULL, NULL, 21, 'KAB. TABALONG\r'),
(338, '2016-10-28 09:50:47', NULL, NULL, NULL, NULL, NULL, 21, 'KAB. TANAH BUMBU\r'),
(339, '2016-10-28 09:50:47', NULL, NULL, NULL, NULL, NULL, 21, 'KAB. TANAH LAUT\r'),
(340, '2016-10-28 09:50:47', NULL, NULL, NULL, NULL, NULL, 21, 'KAB. TAPIN\r'),
(341, '2016-10-28 09:50:47', NULL, NULL, NULL, NULL, NULL, 21, 'BANJARBARU\r'),
(342, '2016-10-28 09:50:47', NULL, NULL, NULL, NULL, NULL, 21, 'BANJARMASIN\r'),
(343, '2016-10-28 09:50:47', NULL, NULL, NULL, NULL, NULL, 22, 'KAB. BARITO SELATAN\r'),
(344, '2016-10-28 09:50:47', NULL, NULL, NULL, NULL, NULL, 22, 'KAB. BARITO TIMUR\r'),
(345, '2016-10-28 09:50:47', NULL, NULL, NULL, NULL, NULL, 22, 'KAB. BARITO UTARA\r'),
(346, '2016-10-28 09:50:48', NULL, NULL, NULL, NULL, NULL, 22, 'KAB. GUNUNG MAS\r'),
(347, '2016-10-28 09:50:48', NULL, NULL, NULL, NULL, NULL, 22, 'KAB. KAPUAS\r'),
(348, '2016-10-28 09:50:48', NULL, NULL, NULL, NULL, NULL, 22, 'KAB. KATINGAN\r'),
(349, '2016-10-28 09:50:48', NULL, NULL, NULL, NULL, NULL, 22, 'KAB. KOTAWARINGIN BARAT\r'),
(350, '2016-10-28 09:50:48', NULL, NULL, NULL, NULL, NULL, 22, 'KAB. KOTAWARINGIN TIMUR\r'),
(351, '2016-10-28 09:50:48', NULL, NULL, NULL, NULL, NULL, 22, 'KAB. LAMANDAU\r'),
(352, '2016-10-28 09:50:48', NULL, NULL, NULL, NULL, NULL, 22, 'KAB. MURUNG RAYA\r'),
(353, '2016-10-28 09:50:48', NULL, NULL, NULL, NULL, NULL, 22, 'KAB. PULANG PISAU\r'),
(354, '2016-10-28 09:50:48', NULL, NULL, NULL, NULL, NULL, 22, 'KAB. SUKAMARA\r'),
(355, '2016-10-28 09:50:48', NULL, NULL, NULL, NULL, NULL, 22, 'KAB. SERUYAN\r'),
(356, '2016-10-28 09:50:48', NULL, NULL, NULL, NULL, NULL, 22, 'PALANGKA RAYA\r'),
(357, '2016-10-28 09:50:48', NULL, NULL, NULL, NULL, NULL, 23, 'KAB. BERAU\r'),
(358, '2016-10-28 09:50:48', NULL, NULL, NULL, NULL, NULL, 23, 'KAB. KUTAI BARAT\r'),
(359, '2016-10-28 09:50:48', NULL, NULL, NULL, NULL, NULL, 23, 'KAB. KUTAI KARTANEGARA\r'),
(360, '2016-10-28 09:50:48', NULL, NULL, NULL, NULL, NULL, 23, 'KAB. KUTAI TIMUR\r'),
(361, '2016-10-28 09:50:48', NULL, NULL, NULL, NULL, NULL, 23, 'KAB. MAHAKAM ULU\r'),
(362, '2016-10-28 09:50:48', NULL, NULL, NULL, NULL, NULL, 23, 'KAB. PASER\r'),
(363, '2016-10-28 09:50:48', NULL, NULL, NULL, NULL, NULL, 23, 'KAB. PENAJAM PASER UTARA\r'),
(364, '2016-10-28 09:50:48', NULL, NULL, NULL, NULL, NULL, 23, 'BALIKPAPAN\r'),
(365, '2016-10-28 09:50:48', NULL, NULL, NULL, NULL, NULL, 23, 'BONTANG\r'),
(366, '2016-10-28 09:50:48', NULL, NULL, NULL, NULL, NULL, 23, 'SAMARINDA\r'),
(367, '2016-10-28 09:50:49', NULL, NULL, NULL, NULL, NULL, 24, 'KAB. BULUNGAN\r'),
(368, '2016-10-28 09:50:49', NULL, NULL, NULL, NULL, NULL, 24, 'KAB. MALINAU\r'),
(369, '2016-10-28 09:50:49', NULL, NULL, NULL, NULL, NULL, 24, 'KAB. NUNUKAN\r'),
(370, '2016-10-28 09:50:49', NULL, NULL, NULL, NULL, NULL, 24, 'KAB. TANA TIDUNG\r'),
(371, '2016-10-28 09:50:49', NULL, NULL, NULL, NULL, NULL, 24, 'TARAKAN\r'),
(372, '2016-10-28 09:50:49', NULL, NULL, NULL, NULL, NULL, 25, 'KAB. BOALEMO\r'),
(373, '2016-10-28 09:50:49', NULL, NULL, NULL, NULL, NULL, 25, 'KAB. BONE BOLANGO\r'),
(374, '2016-10-28 09:50:49', NULL, NULL, NULL, NULL, NULL, 25, 'KAB. GORONTALO\r'),
(375, '2016-10-28 09:50:49', NULL, NULL, NULL, NULL, NULL, 25, 'KAB. GORONTALO UTARA\r'),
(376, '2016-10-28 09:50:49', NULL, NULL, NULL, NULL, NULL, 25, 'KAB. POHUWATO\r'),
(377, '2016-10-28 09:50:49', NULL, NULL, NULL, NULL, NULL, 25, 'GORONTALO\r'),
(378, '2016-10-28 09:50:49', NULL, NULL, NULL, NULL, NULL, 26, 'KAB. BANTAENG\r'),
(379, '2016-10-28 09:50:49', NULL, NULL, NULL, NULL, NULL, 26, 'KAB. BARRU\r'),
(380, '2016-10-28 09:50:49', NULL, NULL, NULL, NULL, NULL, 26, 'KAB. BONE\r'),
(381, '2016-10-28 09:50:49', NULL, NULL, NULL, NULL, NULL, 26, 'KAB. BULUKUMBA\r'),
(382, '2016-10-28 09:50:49', NULL, NULL, NULL, NULL, NULL, 26, 'KAB. ENREKANG\r'),
(383, '2016-10-28 09:50:49', NULL, NULL, NULL, NULL, NULL, 26, 'KAB. GOWA\r'),
(384, '2016-10-28 09:50:50', NULL, NULL, NULL, NULL, NULL, 26, 'KAB. JENEPONTO\r'),
(385, '2016-10-28 09:50:50', NULL, NULL, NULL, NULL, NULL, 26, 'KAB. KEPULAUAN SELAYAR\r'),
(386, '2016-10-28 09:50:50', NULL, NULL, NULL, NULL, NULL, 26, 'KAB. LUWU\r'),
(387, '2016-10-28 09:50:50', NULL, NULL, NULL, NULL, NULL, 26, 'KAB. LUWU TIMUR\r'),
(388, '2016-10-28 09:50:50', NULL, NULL, NULL, NULL, NULL, 26, 'KAB. LUWU UTARA\r'),
(389, '2016-10-28 09:50:50', NULL, NULL, NULL, NULL, NULL, 26, 'KAB. MAROS\r'),
(390, '2016-10-28 09:50:50', NULL, NULL, NULL, NULL, NULL, 26, 'KAB. PANGKAJENE DAN KEPULAUAN\r'),
(391, '2016-10-28 09:50:50', NULL, NULL, NULL, NULL, NULL, 26, 'KAB. PINRANG\r'),
(392, '2016-10-28 09:50:50', NULL, NULL, NULL, NULL, NULL, 26, 'KAB. SIDENRENG RAPPANG\r'),
(393, '2016-10-28 09:50:50', NULL, NULL, NULL, NULL, NULL, 26, 'KAB. SINJAI\r'),
(394, '2016-10-28 09:50:50', NULL, NULL, NULL, NULL, NULL, 26, 'KAB. SOPPENG\r'),
(395, '2016-10-28 09:50:50', NULL, NULL, NULL, NULL, NULL, 26, 'KAB. TAKALAR\r'),
(396, '2016-10-28 09:50:50', NULL, NULL, NULL, NULL, NULL, 26, 'KAB. TANA TORAJA\r'),
(397, '2016-10-28 09:50:50', NULL, NULL, NULL, NULL, NULL, 26, 'KAB. TORAJA UTARA\r'),
(398, '2016-10-28 09:50:50', NULL, NULL, NULL, NULL, NULL, 26, 'KAB. WAJO\r'),
(399, '2016-10-28 09:50:50', NULL, NULL, NULL, NULL, NULL, 26, 'MAKASSAR\r'),
(400, '2016-10-28 09:50:50', NULL, NULL, NULL, NULL, NULL, 26, 'PALOPO\r'),
(401, '2016-10-28 09:50:51', NULL, NULL, NULL, NULL, NULL, 26, 'PAREPARE\r'),
(402, '2016-10-28 09:50:51', NULL, NULL, NULL, NULL, NULL, 27, 'KAB. BOMBANA\r'),
(403, '2016-10-28 09:50:51', NULL, NULL, NULL, NULL, NULL, 27, 'KAB. BUTON\r'),
(404, '2016-10-28 09:50:51', NULL, NULL, NULL, NULL, NULL, 27, 'KAB. BUTON SELATAN\r'),
(405, '2016-10-28 09:50:51', NULL, NULL, NULL, NULL, NULL, 27, 'KAB. BUTON TENGAH\r'),
(406, '2016-10-28 09:50:51', NULL, NULL, NULL, NULL, NULL, 27, 'KAB. BUTON UTARA\r'),
(407, '2016-10-28 09:50:51', NULL, NULL, NULL, NULL, NULL, 27, 'KAB. KOLAKA\r'),
(408, '2016-10-28 09:50:51', NULL, NULL, NULL, NULL, NULL, 27, 'KAB. KOLAKA TIMUR\r'),
(409, '2016-10-28 09:50:51', NULL, NULL, NULL, NULL, NULL, 27, 'KAB. KOLAKA UTARA\r'),
(410, '2016-10-28 09:50:51', NULL, NULL, NULL, NULL, NULL, 27, 'KAB. KONAWE\r'),
(411, '2016-10-28 09:50:51', NULL, NULL, NULL, NULL, NULL, 27, 'KAB. KONAWE KEPULAUAN\r'),
(412, '2016-10-28 09:50:51', NULL, NULL, NULL, NULL, NULL, 27, 'KAB. KONAWE SELATAN\r'),
(413, '2016-10-28 09:50:51', NULL, NULL, NULL, NULL, NULL, 27, 'KAB. KONAWE UTARA\r'),
(414, '2016-10-28 09:50:51', NULL, NULL, NULL, NULL, NULL, 27, 'KAB. MUNA\r'),
(415, '2016-10-28 09:50:51', NULL, NULL, NULL, NULL, NULL, 27, 'KAB. MUNA BARAT\r'),
(416, '2016-10-28 09:50:51', NULL, NULL, NULL, NULL, NULL, 27, 'KAB. WAKATOBI\r'),
(417, '2016-10-28 09:50:51', NULL, NULL, NULL, NULL, NULL, 27, 'BAU-BAU\r'),
(418, '2016-10-28 09:50:51', NULL, NULL, NULL, NULL, NULL, 27, 'KENDARI\r'),
(419, '2016-10-28 09:50:51', NULL, NULL, NULL, NULL, NULL, 28, 'KAB. BANGGAI\r'),
(420, '2016-10-28 09:50:52', NULL, NULL, NULL, NULL, NULL, 28, 'KAB. BANGGAI KEPULAUAN\r'),
(421, '2016-10-28 09:50:52', NULL, NULL, NULL, NULL, NULL, 28, 'KAB. BANGGAI LAUT\r'),
(422, '2016-10-28 09:50:52', NULL, NULL, NULL, NULL, NULL, 28, 'KAB. BUOL\r'),
(423, '2016-10-28 09:50:52', NULL, NULL, NULL, NULL, NULL, 28, 'KAB. DONGGALA\r'),
(424, '2016-10-28 09:50:52', NULL, NULL, NULL, NULL, NULL, 28, 'KAB. MOROWALI\r'),
(425, '2016-10-28 09:50:52', NULL, NULL, NULL, NULL, NULL, 28, 'KAB. MOROWALI UTARA\r'),
(426, '2016-10-28 09:50:52', NULL, NULL, NULL, NULL, NULL, 28, 'KAB. PARIGI MOUTONG\r'),
(427, '2016-10-28 09:50:52', NULL, NULL, NULL, NULL, NULL, 28, 'KAB. POSO\r'),
(428, '2016-10-28 09:50:52', NULL, NULL, NULL, NULL, NULL, 28, 'KAB. SIGI\r'),
(429, '2016-10-28 09:50:52', NULL, NULL, NULL, NULL, NULL, 28, 'KAB. TOJO UNA-UNA\r'),
(430, '2016-10-28 09:50:52', NULL, NULL, NULL, NULL, NULL, 28, 'KAB. TOLITOLI\r'),
(431, '2016-10-28 09:50:52', NULL, NULL, NULL, NULL, NULL, 28, 'PALU\r'),
(432, '2016-10-28 09:50:52', NULL, NULL, NULL, NULL, NULL, 29, 'KAB. BOLAANG MONGONDOW\r'),
(433, '2016-10-28 09:50:52', NULL, NULL, NULL, NULL, NULL, 29, 'KAB. BOLAANG MONGONDOW SELATAN\r'),
(434, '2016-10-28 09:50:52', NULL, NULL, NULL, NULL, NULL, 29, 'KAB. BOLAANG MONGONDOW TIMUR\r'),
(435, '2016-10-28 09:50:53', NULL, NULL, NULL, NULL, NULL, 29, 'KAB. BOLAANG MONGONDOW UTARA\r'),
(436, '2016-10-28 09:50:53', NULL, NULL, NULL, NULL, NULL, 29, 'KAB. KEPULAUAN SANGIHE\r'),
(437, '2016-10-28 09:50:53', NULL, NULL, NULL, NULL, NULL, 29, 'KAB. KEPULAUAN SIAU TAGULANDANG BIARO\r'),
(438, '2016-10-28 09:50:53', NULL, NULL, NULL, NULL, NULL, 29, 'KAB. KEPULAUAN TALAUD\r'),
(439, '2016-10-28 09:50:53', NULL, NULL, NULL, NULL, NULL, 29, 'KAB. MINAHASA\r'),
(440, '2016-10-28 09:50:53', NULL, NULL, NULL, NULL, NULL, 29, 'KAB. MINAHASA SELATAN\r'),
(441, '2016-10-28 09:50:53', NULL, NULL, NULL, NULL, NULL, 29, 'KAB. MINAHASA TENGGARA\r'),
(442, '2016-10-28 09:50:53', NULL, NULL, NULL, NULL, NULL, 29, 'KAB. MINAHASA UTARA\r'),
(443, '2016-10-28 09:50:53', NULL, NULL, NULL, NULL, NULL, 29, 'BITUNG\r'),
(444, '2016-10-28 09:50:53', NULL, NULL, NULL, NULL, NULL, 29, 'KOTAMOBAGU\r'),
(445, '2016-10-28 09:50:53', NULL, NULL, NULL, NULL, NULL, 29, 'MANADO\r'),
(446, '2016-10-28 09:50:53', NULL, NULL, NULL, NULL, NULL, 29, 'TOMOHON\r'),
(447, '2016-10-28 09:50:53', NULL, NULL, NULL, NULL, NULL, 30, 'KAB. MAJENE\r'),
(448, '2016-10-28 09:50:54', NULL, NULL, NULL, NULL, NULL, 30, 'KAB. MAMASA\r'),
(449, '2016-10-28 09:50:54', NULL, NULL, NULL, NULL, NULL, 30, 'KAB. MAMUJU\r'),
(450, '2016-10-28 09:50:54', NULL, NULL, NULL, NULL, NULL, 30, 'KAB. MAMUJU TENGAH\r'),
(451, '2016-10-28 09:50:54', NULL, NULL, NULL, NULL, NULL, 30, 'KAB. MAMUJU UTARA\r'),
(452, '2016-10-28 09:50:54', NULL, NULL, NULL, NULL, NULL, 30, 'KAB. POLEWALI MANDAR\r'),
(453, '2016-10-28 09:50:54', NULL, NULL, NULL, NULL, NULL, 31, 'KAB. BURU\r'),
(454, '2016-10-28 09:50:54', NULL, NULL, NULL, NULL, NULL, 31, 'KAB. BURU SELATAN\r'),
(455, '2016-10-28 09:50:54', NULL, NULL, NULL, NULL, NULL, 31, 'KAB. KEPULAUAN ARU\r'),
(456, '2016-10-28 09:50:54', NULL, NULL, NULL, NULL, NULL, 31, 'KAB. MALUKU BARAT DAYA\r'),
(457, '2016-10-28 09:50:54', NULL, NULL, NULL, NULL, NULL, 31, 'KAB. MALUKU TENGAH\r'),
(458, '2016-10-28 09:50:54', NULL, NULL, NULL, NULL, NULL, 31, 'KAB. MALUKU TENGGARA\r'),
(459, '2016-10-28 09:50:54', NULL, NULL, NULL, NULL, NULL, 31, 'KAB. MALUKU TENGGARA BARAT\r'),
(460, '2016-10-28 09:50:54', NULL, NULL, NULL, NULL, NULL, 31, 'KAB. SERAM BAGIAN BARAT\r'),
(461, '2016-10-28 09:50:54', NULL, NULL, NULL, NULL, NULL, 31, 'KAB. SERAM BAGIAN TIMUR\r'),
(462, '2016-10-28 09:50:54', NULL, NULL, NULL, NULL, NULL, 31, 'AMBON\r'),
(463, '2016-10-28 09:50:55', NULL, NULL, NULL, NULL, NULL, 31, 'TUAL\r'),
(464, '2016-10-28 09:50:55', NULL, NULL, NULL, NULL, NULL, 32, 'KAB. HALMAHERA BARAT\r'),
(465, '2016-10-28 09:50:55', NULL, NULL, NULL, NULL, NULL, 32, 'KAB. HALMAHERA TENGAH\r'),
(466, '2016-10-28 09:50:55', NULL, NULL, NULL, NULL, NULL, 32, 'KAB. HALMAHERA TIMUR\r'),
(467, '2016-10-28 09:50:55', NULL, NULL, NULL, NULL, NULL, 32, 'KAB. HALMAHERA SELATAN\r'),
(468, '2016-10-28 09:50:55', NULL, NULL, NULL, NULL, NULL, 32, 'KAB. HALMAHERA UTARA\r'),
(469, '2016-10-28 09:50:55', NULL, NULL, NULL, NULL, NULL, 32, 'KAB. KEPULAUAN SULA\r'),
(470, '2016-10-28 09:50:55', NULL, NULL, NULL, NULL, NULL, 32, 'KAB. PULAU MOROTAI\r'),
(471, '2016-10-28 09:50:55', NULL, NULL, NULL, NULL, NULL, 32, 'KAB. PULAU TALIABU\r'),
(472, '2016-10-28 09:50:55', NULL, NULL, NULL, NULL, NULL, 32, 'TERNATE\r'),
(473, '2016-10-28 09:50:56', NULL, NULL, NULL, NULL, NULL, 32, 'TIDORE KEPULAUAN\r'),
(474, '2016-10-28 09:50:56', NULL, NULL, NULL, NULL, NULL, 33, 'KAB. ASMAT\r'),
(475, '2016-10-28 09:50:56', NULL, NULL, NULL, NULL, NULL, 33, 'KAB. BIAK NUMFOR\r'),
(476, '2016-10-28 09:50:56', NULL, NULL, NULL, NULL, NULL, 33, 'KAB. BOVEN DIGOEL\r'),
(477, '2016-10-28 09:50:56', NULL, NULL, NULL, NULL, NULL, 33, 'KAB. DEIYAI\r'),
(478, '2016-10-28 09:50:56', NULL, NULL, NULL, NULL, NULL, 33, 'KAB. DOGIYAI\r'),
(479, '2016-10-28 09:50:56', NULL, NULL, NULL, NULL, NULL, 33, 'KAB. INTAN JAYA\r'),
(480, '2016-10-28 09:50:56', NULL, NULL, NULL, NULL, NULL, 33, 'KAB. JAYAPURA\r'),
(481, '2016-10-28 09:50:56', NULL, NULL, NULL, NULL, NULL, 33, 'KAB. JAYAWIJAYA\r'),
(482, '2016-10-28 09:50:56', NULL, NULL, NULL, NULL, NULL, 33, 'KAB. KEEROM\r'),
(483, '2016-10-28 09:50:56', NULL, NULL, NULL, NULL, NULL, 33, 'KAB. KEPULAUAN YAPEN\r'),
(484, '2016-10-28 09:50:56', NULL, NULL, NULL, NULL, NULL, 33, 'KAB. LANNY JAYA\r'),
(485, '2016-10-28 09:50:56', NULL, NULL, NULL, NULL, NULL, 33, 'KAB. MAMBERAMO RAYA\r'),
(486, '2016-10-28 09:50:56', NULL, NULL, NULL, NULL, NULL, 33, 'KAB. MAMBERAMO TENGAH\r'),
(487, '2016-10-28 09:50:56', NULL, NULL, NULL, NULL, NULL, 33, 'KAB. MAPPI\r'),
(488, '2016-10-28 09:50:56', NULL, NULL, NULL, NULL, NULL, 33, 'KAB. MERAUKE\r'),
(489, '2016-10-28 09:50:56', NULL, NULL, NULL, NULL, NULL, 33, 'KAB. MIMIKA\r'),
(490, '2016-10-28 09:50:56', NULL, NULL, NULL, NULL, NULL, 33, 'KAB. NABIRE\r'),
(491, '2016-10-28 09:50:56', NULL, NULL, NULL, NULL, NULL, 33, 'KAB. NDUGA\r'),
(492, '2016-10-28 09:50:56', NULL, NULL, NULL, NULL, NULL, 33, 'KAB. PANIAI\r'),
(493, '2016-10-28 09:50:56', NULL, NULL, NULL, NULL, NULL, 33, 'KAB. PEGUNUNGAN BINTANG\r'),
(494, '2016-10-28 09:50:56', NULL, NULL, NULL, NULL, NULL, 33, 'KAB. PUNCAK\r'),
(495, '2016-10-28 09:50:56', NULL, NULL, NULL, NULL, NULL, 33, 'KAB. PUNCAK JAYA\r'),
(496, '2016-10-28 09:50:56', NULL, NULL, NULL, NULL, NULL, 33, 'KAB. SARMI\r'),
(497, '2016-10-28 09:50:56', NULL, NULL, NULL, NULL, NULL, 33, 'KAB. SUPIORI\r'),
(498, '2016-10-28 09:50:56', NULL, NULL, NULL, NULL, NULL, 33, 'KAB. TOLIKARA\r'),
(499, '2016-10-28 09:50:56', NULL, NULL, NULL, NULL, NULL, 33, 'KAB. WAROPEN\r'),
(500, '2016-10-28 09:50:57', NULL, NULL, NULL, NULL, NULL, 33, 'KAB. YAHUKIMO\r'),
(501, '2016-10-28 09:50:57', NULL, NULL, NULL, NULL, NULL, 33, 'KAB. YALIMO\r'),
(502, '2016-10-28 09:50:57', NULL, NULL, NULL, NULL, NULL, 33, 'JAYAPURA\r'),
(503, '2016-10-28 09:50:57', NULL, NULL, NULL, NULL, NULL, 34, 'KAB. FAKFAK\r'),
(504, '2016-10-28 09:50:57', NULL, NULL, NULL, NULL, NULL, 34, 'KAB. KAIMANA\r'),
(505, '2016-10-28 09:50:57', NULL, NULL, NULL, NULL, NULL, 34, 'KAB. MANOKWARI\r'),
(506, '2016-10-28 09:50:57', NULL, NULL, NULL, NULL, NULL, 34, 'KAB. MANOKWARI SELATAN\r'),
(507, '2016-10-28 09:50:57', NULL, NULL, NULL, NULL, NULL, 34, 'KAB. MAYBRAT\r'),
(508, '2016-10-28 09:50:57', NULL, NULL, NULL, NULL, NULL, 34, 'KAB. PEGUNUNGAN ARFAK\r'),
(509, '2016-10-28 09:50:57', NULL, NULL, NULL, NULL, NULL, 34, 'KAB. RAJA AMPAT\r'),
(510, '2016-10-28 09:50:57', NULL, NULL, NULL, NULL, NULL, 34, 'KAB. SORONG\r'),
(511, '2016-10-28 09:50:57', NULL, NULL, NULL, NULL, NULL, 34, 'KAB. SORONG SELATAN\r'),
(512, '2016-10-28 09:50:57', NULL, NULL, NULL, NULL, NULL, 34, 'KAB. TAMBRAUW\r'),
(513, '2016-10-28 09:50:57', NULL, NULL, NULL, NULL, NULL, 34, 'KAB. TELUK BINTUNI\r'),
(514, '2016-10-28 09:50:57', NULL, NULL, NULL, NULL, NULL, 34, 'KAB. TELUK WONDAMA\r'),
(515, '2016-10-28 09:50:57', NULL, NULL, NULL, NULL, NULL, 34, 'SORONG');

-- --------------------------------------------------------

--
-- Table structure for table `meeting`
--

CREATE TABLE IF NOT EXISTS `meeting` (
  `id` int(11) NOT NULL AUTO_INCREMENT,
  `created_at` timestamp NOT NULL DEFAULT CURRENT_TIMESTAMP,
  `created_by` int(11) DEFAULT NULL,
  `updated_at` datetime DEFAULT NULL,
  `updated_by` int(11) DEFAULT NULL,
  `deleted_at` datetime DEFAULT NULL,
  `deleted_by` int(11) DEFAULT NULL,
  `kegiatan` varchar(200) NOT NULL,
  `tgl_publish` date DEFAULT NULL,
  `tgl_meeting` date DEFAULT NULL,
  `jenis_media` enum('0','1') NOT NULL,
  `url` text NOT NULL,
  `nama_file` varchar(200) DEFAULT NULL,
  `tempat` varchar(200) DEFAULT NULL,
  `artikel` text,
  PRIMARY KEY (`id`)
) ENGINE=InnoDB  DEFAULT CHARSET=utf8 AUTO_INCREMENT=8 ;

--
-- Dumping data for table `meeting`
--

INSERT INTO `meeting` (`id`, `created_at`, `created_by`, `updated_at`, `updated_by`, `deleted_at`, `deleted_by`, `kegiatan`, `tgl_publish`, `tgl_meeting`, `jenis_media`, `url`, `nama_file`, `tempat`, `artikel`) VALUES
(1, '2016-11-19 09:24:46', 1, '2016-11-19 09:30:36', 1, NULL, NULL, 'MEETING APA', '2016-11-15', '2016-11-30', '0', '', NULL, 'MEDAN MERDEKA', 'ter lalu'),
(2, '2016-11-19 18:57:58', 1, '2016-11-19 18:59:30', 1, NULL, NULL, 'OKE', '2016-11-19', '2016-11-19', '0', '', NULL, 'KOE', 'oke'),
(3, '2016-11-19 18:59:49', 1, '2016-11-19 19:00:41', 1, NULL, NULL, 'OKE', '2016-11-19', '2016-11-19', '0', '', NULL, 'OKE', 'oke'),
(4, '2016-11-21 19:08:46', 1, NULL, NULL, NULL, NULL, 'MAKAN MAKAN', '0000-00-00', '0000-00-00', '0', '', NULL, 'MALANG', '0'),
(5, '2016-11-21 19:11:03', 1, '2016-11-21 19:16:40', 1, NULL, NULL, 'KLENONG KLENONG', '2016-11-21', '2016-11-28', '0', '', NULL, 'SUKUN', '0'),
(6, '2016-11-21 19:15:26', 1, '2016-11-23 16:40:26', 1, NULL, NULL, 'JALAN JALAN', '2016-11-21', '2016-11-28', '0', '', NULL, 'BLIMBING', '0'),
(7, '2016-11-28 22:31:33', 240, '2016-11-28 22:37:00', 240, NULL, NULL, 'MEETING KAE LHOO', '2016-11-08', '2016-11-30', '0', '', NULL, 'MALANG', 'asdasdasd');

-- --------------------------------------------------------

--
-- Table structure for table `meeting_foto`
--

CREATE TABLE IF NOT EXISTS `meeting_foto` (
  `id` int(11) NOT NULL AUTO_INCREMENT,
  `created_at` timestamp NOT NULL DEFAULT CURRENT_TIMESTAMP,
  `created_by` int(11) DEFAULT NULL,
  `updated_at` datetime DEFAULT NULL,
  `updated_by` int(11) DEFAULT NULL,
  `deleted_at` datetime DEFAULT NULL,
  `deleted_by` int(11) DEFAULT NULL,
  `id_meeting` int(11) NOT NULL,
  `jenis_media` enum('0','1') NOT NULL,
  `nama_file` varchar(50) DEFAULT NULL,
  `url` text,
  PRIMARY KEY (`id`)
) ENGINE=InnoDB  DEFAULT CHARSET=utf8 AUTO_INCREMENT=2 ;

--
-- Dumping data for table `meeting_foto`
--

INSERT INTO `meeting_foto` (`id`, `created_at`, `created_by`, `updated_at`, `updated_by`, `deleted_at`, `deleted_by`, `id_meeting`, `jenis_media`, `nama_file`, `url`) VALUES
(1, '2016-11-28 22:36:37', 240, NULL, NULL, NULL, NULL, 7, '0', 'd49b41ed167ce1baf3c6b2a0e7d192c3.jpg', NULL);

-- --------------------------------------------------------

--
-- Table structure for table `monitoring`
--

CREATE TABLE IF NOT EXISTS `monitoring` (
  `id` int(11) NOT NULL AUTO_INCREMENT,
  `created_at` timestamp NOT NULL DEFAULT CURRENT_TIMESTAMP,
  `created_by` int(11) DEFAULT NULL,
  `updated_at` datetime DEFAULT NULL,
  `updated_by` int(11) DEFAULT NULL,
  `deleted_at` datetime DEFAULT NULL,
  `deleted_by` int(11) DEFAULT NULL,
  `tgl_monitoring` date DEFAULT NULL,
  `id_organisasi` int(11) NOT NULL,
  `perusahaan` varchar(50) NOT NULL,
  `keterangan` text,
  PRIMARY KEY (`id`)
) ENGINE=InnoDB  DEFAULT CHARSET=utf8 AUTO_INCREMENT=14 ;

--
-- Dumping data for table `monitoring`
--

INSERT INTO `monitoring` (`id`, `created_at`, `created_by`, `updated_at`, `updated_by`, `deleted_at`, `deleted_by`, `tgl_monitoring`, `id_organisasi`, `perusahaan`, `keterangan`) VALUES
(1, '2016-11-28 23:11:43', 240, NULL, NULL, NULL, NULL, '2016-11-24', 14, 'bengkel', 'opo iyooo'),
(2, '2016-11-28 23:13:18', 240, NULL, NULL, NULL, NULL, '2016-11-28', 14, 'bengkel', 'asek \r\nasek \r\nasek \r\nasek \r\njoss'),
(3, '2016-11-28 23:17:48', 240, NULL, NULL, NULL, NULL, '2016-11-22', 16, 'bengkel', '*) query bsc jangan lupa\r\n*) PERBAIKI FITUR TAKSIR OTOMATIS, SEUSAI DENGAN PENJELASAN YANG ADA DI GRUP SIMPDAM BILLING (utk pelanggan yang udah dibaca, tapi belum ditransfer)\r\n*) benahin data taksir mbr utk periode oktober 2016\r\n\r\n*) besok bikin dokumen revisi analisa baca meter part 4 proses simpan data dan form cek ulang baca meter'),
(4, '2016-11-28 23:48:17', 240, NULL, NULL, NULL, NULL, '2016-11-29', 4, 'ukm', 'asd\r\nasdas\r\nasd\r\nasd\r\nasd\r\nasd\r\nasd'),
(5, '2016-11-28 23:49:46', 240, NULL, NULL, NULL, NULL, '2016-11-29', 4, 'ukm', 'asd\r\nasdas\r\nasd\r\nasd\r\nasd\r\nasd\r\nasd'),
(6, '2016-11-28 23:56:50', 1, NULL, NULL, NULL, NULL, '2016-11-17', 2, 'ukm', 'asd''as\r\nasd\r\nasd\r\nsad\r\nasd\r\nas\r\ndas\r\nd\r\nas\r\ndas'),
(7, '2016-11-28 23:57:17', 1, NULL, NULL, NULL, NULL, '2016-11-28', 10, 'bengkel', 'asd'),
(8, '2016-11-28 23:57:34', 1, NULL, NULL, NULL, NULL, '2016-11-28', 20, 'bengkel', 'asd'),
(9, '2016-11-28 23:57:59', 1, NULL, NULL, '2016-11-28 23:58:35', 1, '2016-11-28', 2, 'ukm', 'asd\r\nsad\r\nasd\r\nasd\r\nas\r\ndasdas'),
(10, '2016-11-28 23:58:23', 1, NULL, NULL, NULL, NULL, '2016-11-28', 2, 'ukm', 'asad'),
(11, '2016-11-29 00:09:27', 1, NULL, NULL, NULL, NULL, '2016-11-29', 9, 'bengkel', 'sda'),
(12, '2016-11-29 00:13:51', 1, '2016-11-29 00:18:26', 1, NULL, NULL, '2016-11-29', 2, 'ukm', 'awo \r\nwoa\r\naoooo\r\nasdas asdsa \r\nasdas'),
(13, '2016-11-29 00:18:40', 1, NULL, NULL, NULL, NULL, '2016-11-18', 2, 'ukm', 'dolan ae sam\r\nyakopo maneh');

-- --------------------------------------------------------

--
-- Table structure for table `monitoring_foto`
--

CREATE TABLE IF NOT EXISTS `monitoring_foto` (
  `id` int(11) NOT NULL AUTO_INCREMENT,
  `created_at` timestamp NOT NULL DEFAULT CURRENT_TIMESTAMP,
  `created_by` int(11) DEFAULT NULL,
  `updated_at` datetime DEFAULT NULL,
  `updated_by` int(11) DEFAULT NULL,
  `deleted_at` datetime DEFAULT NULL,
  `deleted_by` int(11) DEFAULT NULL,
  `id_monitoring` int(11) NOT NULL,
  `nama_file` varchar(200) DEFAULT NULL,
  PRIMARY KEY (`id`)
) ENGINE=InnoDB  DEFAULT CHARSET=utf8 AUTO_INCREMENT=3 ;

--
-- Dumping data for table `monitoring_foto`
--

INSERT INTO `monitoring_foto` (`id`, `created_at`, `created_by`, `updated_at`, `updated_by`, `deleted_at`, `deleted_by`, `id_monitoring`, `nama_file`) VALUES
(1, '2016-11-28 23:17:48', 240, NULL, NULL, NULL, NULL, 3, '740795e20fd79f7f72bb62026d4b089a.jpg'),
(2, '2016-11-28 23:17:48', 240, NULL, NULL, NULL, NULL, 3, '6b733a6aaf9022942a39c6bcd8fd8611.jpg');

-- --------------------------------------------------------

--
-- Table structure for table `pemerintah`
--

CREATE TABLE IF NOT EXISTS `pemerintah` (
  `id` int(11) NOT NULL AUTO_INCREMENT,
  `created_at` timestamp NOT NULL DEFAULT CURRENT_TIMESTAMP,
  `created_by` int(11) DEFAULT NULL,
  `updated_at` datetime DEFAULT NULL,
  `updated_by` int(11) DEFAULT NULL,
  `deleted_at` datetime DEFAULT NULL,
  `deleted_by` int(11) DEFAULT NULL,
  `nama` varchar(200) NOT NULL,
  `id_propinsi` int(11) DEFAULT NULL,
  `id_kota` int(11) DEFAULT NULL,
  PRIMARY KEY (`id`)
) ENGINE=InnoDB  DEFAULT CHARSET=utf8 AUTO_INCREMENT=36 ;

--
-- Dumping data for table `pemerintah`
--

INSERT INTO `pemerintah` (`id`, `created_at`, `created_by`, `updated_at`, `updated_by`, `deleted_at`, `deleted_by`, `nama`, `id_propinsi`, `id_kota`) VALUES
(1, '2016-10-25 09:06:52', NULL, NULL, NULL, NULL, NULL, 'COMMUNITY OF OZONE INDONESIA', NULL, NULL),
(2, '2016-11-01 18:54:57', NULL, NULL, NULL, NULL, NULL, 'BLH Propinsi ACEH', 1, NULL),
(3, '2016-11-01 18:54:57', NULL, NULL, NULL, NULL, NULL, 'BLH Propinsi SUMUT', 2, NULL),
(4, '2016-11-01 18:54:57', NULL, NULL, NULL, NULL, NULL, 'BLH Propinsi SUMBAR', 3, NULL),
(5, '2016-11-01 18:54:57', NULL, NULL, NULL, NULL, NULL, 'BLH Propinsi RIAU', 4, NULL),
(6, '2016-11-01 18:54:57', NULL, NULL, NULL, NULL, NULL, 'BLH Propinsi KEPRI', 5, NULL),
(7, '2016-11-01 18:54:57', NULL, NULL, NULL, NULL, NULL, 'BLH Propinsi JAMBI', 6, NULL),
(8, '2016-11-01 18:54:57', NULL, NULL, NULL, NULL, NULL, 'BLH Propinsi BENGKULU', 7, NULL),
(9, '2016-11-01 18:54:57', NULL, NULL, NULL, NULL, NULL, 'BLH Propinsi SUMSEL', 8, NULL),
(10, '2016-11-01 18:54:57', NULL, NULL, NULL, NULL, NULL, 'BLH Propinsi BABEL', 9, NULL),
(11, '2016-11-01 18:54:57', NULL, NULL, NULL, NULL, NULL, 'BLH Propinsi LAMPUNG', 10, NULL),
(12, '2016-11-01 18:54:57', NULL, NULL, NULL, NULL, NULL, 'BLH Propinsi BANTEN', 11, NULL),
(13, '2016-11-01 18:54:57', NULL, NULL, NULL, NULL, NULL, 'BLH Propinsi JABAR', 12, NULL),
(14, '2016-11-01 18:54:57', NULL, NULL, NULL, NULL, NULL, 'BLH Propinsi JAKARTA', 13, NULL),
(15, '2016-11-01 18:54:57', NULL, NULL, NULL, NULL, NULL, 'BLH Propinsi JATENG', 14, NULL),
(16, '2016-11-01 18:54:57', NULL, NULL, NULL, NULL, NULL, 'BLH Propinsi JATIM', 15, NULL),
(17, '2016-11-01 18:54:57', NULL, NULL, NULL, NULL, NULL, 'BLH Propinsi YOGYAKARTA', 16, NULL),
(18, '2016-11-01 18:54:57', NULL, NULL, NULL, NULL, NULL, 'BLH Propinsi BALI', 17, NULL),
(19, '2016-11-01 18:54:57', NULL, NULL, NULL, NULL, NULL, 'BLH Propinsi NTB', 18, NULL),
(20, '2016-11-01 18:54:57', NULL, NULL, NULL, NULL, NULL, 'BLH Propinsi NTT', 19, NULL),
(21, '2016-11-01 18:54:57', NULL, NULL, NULL, NULL, NULL, 'BLH Propinsi KALBAR', 20, NULL),
(22, '2016-11-01 18:54:57', NULL, NULL, NULL, NULL, NULL, 'BLH Propinsi KALSEL', 21, NULL),
(23, '2016-11-01 18:54:57', NULL, NULL, NULL, NULL, NULL, 'BLH Propinsi KALTENG', 22, NULL),
(24, '2016-11-01 18:54:57', NULL, NULL, NULL, NULL, NULL, 'BLH Propinsi KALTIM', 23, NULL),
(25, '2016-11-01 18:54:57', NULL, NULL, NULL, NULL, NULL, 'BLH Propinsi KALTARA', 24, NULL),
(26, '2016-11-01 18:54:57', NULL, NULL, NULL, NULL, NULL, 'BLH Propinsi GORONTALO', 25, NULL),
(27, '2016-11-01 18:54:57', NULL, NULL, NULL, NULL, NULL, 'BLH Propinsi SULSEL', 26, NULL),
(28, '2016-11-01 18:54:57', NULL, NULL, NULL, NULL, NULL, 'BLH Propinsi SULTRA', 27, NULL),
(29, '2016-11-01 18:54:57', NULL, NULL, NULL, NULL, NULL, 'BLH Propinsi SULTENG', 28, NULL),
(30, '2016-11-01 18:54:57', NULL, NULL, NULL, NULL, NULL, 'BLH Propinsi SULUT', 29, NULL),
(31, '2016-11-01 18:54:57', NULL, NULL, NULL, NULL, NULL, 'BLH Propinsi SULBAR', 30, NULL),
(32, '2016-11-01 18:54:57', NULL, NULL, NULL, NULL, NULL, 'BLH Propinsi MALUKU', 31, NULL),
(33, '2016-11-01 18:54:57', NULL, NULL, NULL, NULL, NULL, 'BLH Propinsi MALUT', 32, NULL),
(34, '2016-11-01 18:54:57', NULL, NULL, NULL, NULL, NULL, 'BLH Propinsi PAPUA', 33, NULL),
(35, '2016-11-01 18:54:57', NULL, NULL, NULL, NULL, NULL, 'BLH Propinsi PABAR', 34, NULL);

-- --------------------------------------------------------

--
-- Table structure for table `pengaduan`
--

CREATE TABLE IF NOT EXISTS `pengaduan` (
  `id` int(11) NOT NULL AUTO_INCREMENT,
  `created_at` timestamp NOT NULL DEFAULT CURRENT_TIMESTAMP,
  `created_by` int(11) DEFAULT NULL,
  `updated_at` datetime DEFAULT NULL,
  `updated_by` int(11) DEFAULT NULL,
  `deleted_at` datetime DEFAULT NULL,
  `deleted_by` int(11) DEFAULT NULL,
  `judul` varchar(200) NOT NULL,
  `tgl_posting` date DEFAULT NULL,
  `keterangan` text,
  PRIMARY KEY (`id`)
) ENGINE=InnoDB  DEFAULT CHARSET=utf8 AUTO_INCREMENT=6 ;

--
-- Dumping data for table `pengaduan`
--

INSERT INTO `pengaduan` (`id`, `created_at`, `created_by`, `updated_at`, `updated_by`, `deleted_at`, `deleted_by`, `judul`, `tgl_posting`, `keterangan`) VALUES
(1, '2016-11-23 09:38:29', 1, '2016-11-23 09:40:54', 1, NULL, NULL, 'ADA KEBAKARAN', '2016-11-21', 'Ada kebaran di hutan malabar, asapnya mengebul\r\naku kan jadi takut\r\nhiii\r\nsereem'),
(2, '2016-11-25 22:34:09', 240, NULL, NULL, NULL, NULL, 'TESTING', '2016-11-23', 'asdsa'),
(3, '2016-11-28 22:45:26', 1, NULL, NULL, NULL, NULL, 'MAULID NABI', '2016-11-30', 'ajiib\r\najiiib\r\najiiiib\r\nistimewaa'),
(4, '2016-11-29 00:24:43', 241, NULL, NULL, NULL, NULL, 'MALANG DARURAT ASAP', '2016-11-28', 'dasd\r\nasd\r\nads\r\nad\r\nasd\r\nas\r\nd\r\nasdas'),
(5, '2016-11-29 22:08:25', 242, NULL, NULL, NULL, NULL, 'MALANG SUANTE SAYANG', '2016-11-29', 'tet\r\netet\r\nete\r\nt\r\net\r\net\r\ne\r\nte\r\nte\r\nt\r\nete\r\nte');

-- --------------------------------------------------------

--
-- Table structure for table `pengaduan_foto`
--

CREATE TABLE IF NOT EXISTS `pengaduan_foto` (
  `id` int(11) NOT NULL AUTO_INCREMENT,
  `created_at` timestamp NOT NULL DEFAULT CURRENT_TIMESTAMP,
  `created_by` int(11) DEFAULT NULL,
  `updated_at` datetime DEFAULT NULL,
  `updated_by` int(11) DEFAULT NULL,
  `deleted_at` datetime DEFAULT NULL,
  `deleted_by` int(11) DEFAULT NULL,
  `id_pengaduan` int(11) NOT NULL,
  `nama_file` varchar(50) DEFAULT NULL,
  PRIMARY KEY (`id`)
) ENGINE=InnoDB  DEFAULT CHARSET=utf8 AUTO_INCREMENT=10 ;

--
-- Dumping data for table `pengaduan_foto`
--

INSERT INTO `pengaduan_foto` (`id`, `created_at`, `created_by`, `updated_at`, `updated_by`, `deleted_at`, `deleted_by`, `id_pengaduan`, `nama_file`) VALUES
(1, '2016-11-23 09:38:30', 1, NULL, NULL, NULL, NULL, 1, 'f92ece3fb2d684f778f3031ee9c245ad.jpg'),
(2, '2016-11-23 09:38:30', 1, NULL, NULL, NULL, NULL, 1, '4de5f0de436983a0395861f356081378.jpg'),
(3, '2016-11-25 22:34:09', 240, NULL, NULL, NULL, NULL, 2, '5a06faa4d79d90f5cc3bcf59953a1845.jpg'),
(4, '2016-11-25 22:34:09', 240, NULL, NULL, NULL, NULL, 2, '18cbb8af8bd29b9907090579defc5337.jpg'),
(5, '2016-11-28 22:45:26', 1, NULL, NULL, NULL, NULL, 3, '41683d1c96dcf1fc05950d99e04e5a46.jpg'),
(6, '2016-11-28 22:45:26', 1, NULL, NULL, NULL, NULL, 3, '408957e836c0ee42414cb8952ac76f76.jpg'),
(7, '2016-11-28 22:45:26', 1, NULL, NULL, NULL, NULL, 3, '4e90b0c0ffbeb8ea9d950c1976ae958f.JPG'),
(8, '2016-11-29 00:24:43', 241, NULL, NULL, NULL, NULL, 4, 'aa117eec01550af62ff729fb9e736b7b.jpg'),
(9, '2016-11-29 22:08:25', 242, NULL, NULL, NULL, NULL, 5, '32b2bd2dcaca3f6da302c003191c070f.jpg');

-- --------------------------------------------------------

--
-- Table structure for table `pengguna`
--

CREATE TABLE IF NOT EXISTS `pengguna` (
  `id` int(11) NOT NULL AUTO_INCREMENT,
  `created_at` timestamp NOT NULL DEFAULT CURRENT_TIMESTAMP,
  `created_by` int(11) DEFAULT NULL,
  `updated_at` datetime DEFAULT NULL,
  `updated_by` int(11) DEFAULT NULL,
  `deleted_at` datetime DEFAULT NULL,
  `deleted_by` int(11) DEFAULT NULL,
  `nama` varchar(200) NOT NULL,
  `no_hp` varchar(50) NOT NULL,
  `email` varchar(100) DEFAULT NULL,
  `user_id` varchar(50) NOT NULL,
  `password` varchar(50) NOT NULL,
  `initial_pwd` char(4) DEFAULT NULL,
  `grup_pengguna` varchar(50) NOT NULL,
  `tingkatan` int(11) NOT NULL,
  `id_organisasi` int(11) NOT NULL,
  PRIMARY KEY (`id`)
) ENGINE=InnoDB  DEFAULT CHARSET=utf8 AUTO_INCREMENT=245 ;

--
-- Dumping data for table `pengguna`
--

INSERT INTO `pengguna` (`id`, `created_at`, `created_by`, `updated_at`, `updated_by`, `deleted_at`, `deleted_by`, `nama`, `no_hp`, `email`, `user_id`, `password`, `initial_pwd`, `grup_pengguna`, `tingkatan`, `id_organisasi`) VALUES
(1, '2016-10-22 03:06:04', NULL, NULL, NULL, NULL, NULL, 'COZI SUPERADMIN', '08179662311', 'superadmin@cozi.id', 'supercozi', '71495132b953ef5e7ceeb8bfc7e56bcb', NULL, 'superadmin', 1, 1),
(2, '2016-10-25 08:40:53', NULL, NULL, NULL, NULL, NULL, 'ZULHASNI', '', 'bitoel2014@gmail.com', 'bitoel2014@gmail.com', 'd1711db1160d77024ecf0b30cac10592', NULL, 'pemerintah', 1, 1),
(3, '2016-10-25 08:42:21', NULL, NULL, NULL, NULL, NULL, 'MULKAN GANI', '', 'mulkan.gani@gmail.com', 'jatim', 'e67d386c966c04157752fbaf24ac2895', NULL, 'pemerintah', 2, 16),
(4, '2016-10-25 08:43:38', NULL, NULL, NULL, NULL, NULL, 'ENGKOS KOSASIH', '', 'kosasiheq@yahoo.com', 'jogja', '21a62257883471e0b833922c4349c44b', NULL, 'pemerintah', 2, 17),
(5, '2016-10-25 08:44:24', NULL, NULL, NULL, NULL, NULL, 'HASOLOAN PANJAITAN', '', 'hasoloanp@yahoo.com', 'hasoloanp@yahoo.com', '25cfa362342647ee1f89005b59e305c5', NULL, 'pemerintah', 1, 1),
(6, '2016-10-25 08:46:20', NULL, NULL, NULL, NULL, NULL, 'DOSO SRI RAHARJO', '', 'dososr@yahoo.com', 'dososr@yahoo.com', 'f899c1d5bc03249aebe85c6795c68dd0', NULL, 'pemerintah', 1, 1),
(7, '2016-10-25 08:47:33', NULL, NULL, NULL, NULL, NULL, 'DYAH APRIYANTI', '', 'dydi76@yahoo.com', 'dydi76@yahoo.com', '6c2fbfcd458a11647e6750a5224b23aa', NULL, 'pemerintah', 1, 1),
(8, '2016-10-25 08:48:20', NULL, NULL, NULL, NULL, NULL, 'ROMI YOGASANA', '', 'romi.yogasana12@gmail.com', 'romi.yogasana12@gmail.com', '812c38ed6462f3b313e9efbaeed44f03', NULL, 'pemerintah', 1, 1),
(9, '2016-10-25 08:50:03', NULL, NULL, NULL, NULL, NULL, 'TRIN ASNAHATI', '', 'asnahati@gmail.com', 'asnahati@gmail.com', 'ecf643a741ee471740f6656977eb737e', NULL, 'pemerintah', 1, 1),
(10, '2016-10-25 08:50:52', NULL, NULL, NULL, NULL, NULL, 'NICHOLAS SIMANJUTAK', '', 'nicholas.simanjuntak@gmail.com', 'nicholas.simanjuntak@gmail.com', '8688c961cc14bf1119cc91062bc26b2a', NULL, 'pemerintah', 1, 1),
(11, '2016-10-25 08:51:31', NULL, NULL, NULL, NULL, NULL, 'DZULFIKRY IMADUL BILAD', '', 'dzulfikrybilad@gmail.com', 'dzulfikrybilad@gmail.com', '6f80f3a6f16b3360188833c8c41053ae', NULL, 'pemerintah', 1, 1),
(12, '2016-10-25 08:52:02', NULL, NULL, NULL, NULL, NULL, 'ANDREAS BARRY H.', '', 'abarryharsono@gmail.com', 'abarryharsono@gmail.com', 'f40816442cc7b98f81e99052a4fe7dec', NULL, 'pemerintah', 1, 1),
(13, '2016-10-25 08:52:44', NULL, NULL, NULL, NULL, NULL, 'ANDRE RIDUAN', '', 'andreriduan02@gmail.com', 'andreriduan02@gmail.com', '63c2ec5f523b7e91beff708e8feac3d9', NULL, 'pemerintah', 1, 1),
(14, '2016-10-25 08:55:01', NULL, NULL, NULL, NULL, NULL, 'ANNIS NOVIYANTI', '', 'annis_noviyanti@yahoo.com', 'annis_noviyanti@yahoo.com', 'fd97e8aa025eccaeaac36e0fd6776c62', NULL, 'pemerintah', 1, 1),
(15, '2016-10-25 08:55:49', NULL, NULL, NULL, NULL, NULL, 'SANTI FEBRINA CLARA', '', 'santifebrinaclara1@gmail.com', 'santifebrinaclara1@gmail.com', '0e69b13d73dc0739e66a52dba02d0acb', NULL, 'pemerintah', 1, 1),
(16, '2016-10-25 08:58:25', NULL, NULL, NULL, NULL, NULL, 'ATHINA AFFINY PUTRI', '', 'athina.affiny@gmail.com', 'athina.affiny@gmail.com', '2aaa6d93dadf11774f135b8431633013', NULL, 'pemerintah', 1, 1),
(17, '2016-10-25 08:59:28', NULL, NULL, NULL, NULL, NULL, 'SAFRI RIZON', '', 'safri.rizon@cozi.id', 'safri.rizon@cozi.id', '01fdb172b2a5ac8656e535c85c9bee2a', NULL, 'pemerintah', 1, 1),
(18, '2016-10-25 22:01:31', NULL, NULL, NULL, NULL, NULL, 'DZULFIKRY', '082112785305', 'dzulfikrybilad@gmail.com', 'bengkel', '71b11442b9bbdbb2dc68337ab469f17c', 'beng', 'bengkel', 4, 1),
(19, '2016-10-25 22:03:14', NULL, NULL, NULL, NULL, NULL, 'MAWAR', '081322166047', 'barata_imoy@yahoo.com', '081322166047', '582a4223c438b68351c7695e1578540d', '3176', 'bengkel', 4, 2),
(20, '2016-10-25 22:03:16', NULL, NULL, NULL, NULL, NULL, 'MAWAR', '081322166047', 'barata_imoy@yahoo.com', '081322166047', 'e26890e6d9609a26ab19fde8a3d17df2', '2246', 'bengkel', 4, 3),
(21, '2016-10-25 22:08:17', NULL, NULL, NULL, NULL, NULL, 'BENGBENG', '0821000000', 'hasoloanp@yahoo.com', '0821000000', '47de9f20a3d3d79ba04c8f8ddd341809', '7075', 'bengkel', 4, 4),
(22, '2016-10-25 23:09:03', NULL, NULL, NULL, NULL, NULL, 'YT', '12', 'as', '12', '2a1698cb36c3aad6ac0ef267858ec63f', '9977', 'bengkel', 4, 5),
(23, '2016-10-26 10:26:54', NULL, NULL, NULL, NULL, NULL, 'ANDREAS BARRY', '081290856912', 'diabolicaholic@gmail.com', '081290856912', '105c01a96f7c9dc62b79693f366ca52e', '8348', 'bengkel', 4, 6),
(24, '2016-10-26 12:05:38', NULL, NULL, NULL, NULL, NULL, 'AFRIZALJAYASAPUTRA', '082240505130', '', '082240505130', 'd59fac2169b46183ec0e20f5fea75b81', '4552', 'bengkel', 4, 7),
(25, '2016-10-26 12:05:38', NULL, NULL, NULL, NULL, NULL, 'AFRIZALJAYASAPUTRA', '082240505130', '', '082240505130', '35defe65d062b26159f8bb9b83cc2af2', '9512', 'bengkel', 4, 8),
(26, '2016-10-26 12:13:52', NULL, NULL, NULL, NULL, NULL, 'CHRISTIAN', '082392188999', 'mandiriteknikamk@gmail.com', '082392188999', '45793987e81d7f3f023a90b2b32c2d1b', '1131', 'bengkel', 4, 9),
(27, '2016-10-26 12:14:41', NULL, NULL, NULL, NULL, NULL, 'YUSRIZAL', '085837007300', 'rizal.divisi@gmail.com', '085837007300', 'f43a06bc54fc360567a93c35c3d3260b', '6113', 'bengkel', 4, 10),
(28, '2016-10-26 12:15:12', NULL, NULL, NULL, NULL, NULL, 'CV.SARANA SERVICE', '081371016912', 'saranaservicepekanbaru@yahoo.co.id', '081371016912', 'b1e7166c80d35465851b62332a875799', '7653', 'bengkel', 4, 11),
(29, '2016-10-26 12:15:12', NULL, NULL, NULL, NULL, NULL, 'CV.SARANA SERVICE', '081371016912', 'saranaservicepekanbaru@yahoo.co.id', '081371016912', '6de6bec30e4479e178511b37156feab9', '5958', 'bengkel', 4, 12),
(30, '2016-10-26 12:15:22', NULL, NULL, NULL, NULL, NULL, 'HABIBI ROOM AIRCONDITIONER SERVICR', '085274955974', 'edityawarman74@gmail.co.id', '085274955974', '17830bc43834f49985c11f5431cac3a0', '2598', 'bengkel', 4, 13),
(31, '2016-10-26 12:15:22', NULL, NULL, NULL, NULL, NULL, 'HABIBI ROOM AIRCONDITIONER SERVICR', '085274955974', 'edityawarman74@gmail.co.id', '085274955974', 'e28d70f872de30c6cae8891934a80c6a', '2101', 'bengkel', 4, 14),
(32, '2016-10-26 12:15:43', NULL, NULL, NULL, NULL, NULL, 'ACEP SUKMA', '081371938284', 'kurmatek9576@yahoo.com', '081371938284', 'c0b2224d83ef8ef01073df7132632ef4', '7709', 'bengkel', 4, 15),
(33, '2016-10-26 12:15:43', NULL, NULL, NULL, NULL, NULL, 'ACEP SUKMA', '081371938284', 'kurmatek9576@yahoo.com', '081371938284', '9b4a5532db914ef810a5972bcbbe1dba', '3206', 'bengkel', 4, 16),
(34, '2016-10-26 12:16:38', NULL, NULL, NULL, NULL, NULL, 'HARMANSAH', '081371736520', 'armey2712', '081371736520', '22877d50961ceb94c435bb851873bddc', '6943', 'bengkel', 4, 17),
(35, '2016-10-26 12:17:54', NULL, NULL, NULL, NULL, NULL, 'AFRIZALJAYASAPUTRA', '082240505130', 'afrizajaya21@gmail.com', '082240505130', '1c01dfa84edb037109e2a342aabd2c3d', '3902', 'bengkel', 4, 18),
(36, '2016-10-26 12:18:03', NULL, NULL, NULL, NULL, NULL, 'AMRI SEMBIRING', '085275557157', 'deri_sembiring@yahoo.com', '085275557157', 'fcbfd791b2d3f2062afe5b0f09e2addf', '8113', 'bengkel', 4, 19),
(37, '2016-10-26 12:18:31', NULL, NULL, NULL, NULL, NULL, 'AGUS HERMAN', '081276021730', 'www.agusherman@yaho.com', '081276021730', 'd94ea6bda507e1a7bf8f4649cb7a2a03', '7455', 'bengkel', 4, 20),
(38, '2016-10-26 12:18:35', NULL, NULL, NULL, NULL, NULL, 'SIMARDIN', '081371810868', 'edo.raflessia@gmail.com', '081371810868', 'add103a3677034e3b6be8c1ff449ab26', '7871', 'bengkel', 4, 21),
(39, '2016-10-26 12:19:05', NULL, NULL, NULL, NULL, NULL, 'SUEFRIZAL', '08127656325', 'suefrizal23@gmail.com', '08127656325', '4fc5a49e2cc9afc21b58bd87f9541cc6', '1672', 'bengkel', 4, 22),
(40, '2016-10-26 12:21:04', NULL, NULL, NULL, NULL, NULL, 'JOKO BAMBANG SULISTIYO', '085271988877', 'jokobambangsulistio@gmail.com', '085271988877', 'abf17b187f83828186f7041c4a651040', '1457', 'bengkel', 4, 23),
(41, '2016-10-26 12:21:37', NULL, NULL, NULL, NULL, NULL, 'ZUL ASMAN', '081371665758', 'centraltekhnik.pku@gmail.com', '081371665758', 'bbe466defaf91a82b4cc20fa1f7812c6', '6284', 'bengkel', 4, 24),
(42, '2016-10-26 12:22:56', NULL, NULL, NULL, NULL, NULL, 'GONO HANDOKO', '081272377369', 'handokoawalbros@yahoo.co.id', '081272377369', '3b74071cb23747fe8f53e0ee12efc947', '8284', 'bengkel', 4, 25),
(43, '2016-10-26 12:23:33', NULL, '2016-11-15 17:19:59', 1, NULL, NULL, 'ADE INDRA', '081276366646', 'royallestari@gmail.com', '081276366646', '6c0e578a11abd6457f832d45ea656cf6', '5087', 'bengkel', 4, 26),
(44, '2016-10-26 12:24:50', NULL, NULL, NULL, NULL, NULL, 'MARIANTO', '085278571096', 'berdikaritekhnik@yahoo.com', '085278571096', 'e2c0f022b68a18fd9c544bacceb1a3d7', '5595', 'bengkel', 4, 27),
(45, '2016-10-26 12:25:16', NULL, NULL, NULL, NULL, NULL, 'RIKI MASTONI', '05278511157', 'rikimastoni81@yaho.com', '05278511157', '9d2f1458bdbb57e5f4b6db69a7a00db7', '4594', 'bengkel', 4, 28),
(46, '2016-10-26 12:25:44', NULL, NULL, NULL, NULL, NULL, 'ISWANDI', '085375223224', 'wandiiswandi0@gmail.com', '085375223224', 'e88426ef95e2c24049fa19ad37b99c8e', '8398', 'bengkel', 4, 29),
(47, '2016-10-26 12:25:46', NULL, NULL, NULL, NULL, NULL, 'ISWANDI', '085375223224', 'wandiiswandi0@gmail.com', '085375223224', 'ce3b2532b97ed8127b18076495fad3ec', '4322', 'bengkel', 4, 30),
(48, '2016-10-26 12:26:20', NULL, NULL, NULL, NULL, NULL, 'SIDIK PRAMONO', '081364554364', 'sp.sidik@yahoo.com', '081364554364', '12a8f24b6c9552b735c3a5cfa4063e5c', '5281', 'bengkel', 4, 31),
(49, '2016-10-26 12:27:11', NULL, NULL, NULL, NULL, NULL, 'YESIN ARDILA', '08116930100', 'yesin@mtpindo.com', '08116930100', 'f364f3059743c1bf263efe7be565579c', '9874', 'bengkel', 4, 32),
(50, '2016-10-26 12:27:49', NULL, NULL, NULL, NULL, NULL, 'MUHAMMAD YERIANTO', '08117005833', 'm.yerianto@gmail.com', '08117005833', '7105dce69b4b7968068fccf4ac6cad1d', '4259', 'bengkel', 4, 33),
(51, '2016-10-26 12:27:49', NULL, NULL, NULL, NULL, NULL, 'JONIKESWARA', '08126132584', 'pt.wahanabintang', '08126132584', '64edd24cd9b1c798f26fb40784698382', '5573', 'bengkel', 4, 34),
(52, '2016-10-26 12:27:51', NULL, NULL, NULL, NULL, NULL, 'MUHAMMAD YERIANTO', '08117005833', 'm.yerianto@gmail.com', '08117005833', 'e1e556710bd2a6163ee7197e24ae14e8', '4356', 'bengkel', 4, 35),
(53, '2016-10-26 12:27:58', NULL, NULL, NULL, NULL, NULL, 'YUNESMAN', '081372201923', '2003yunesman@gmail.com', '081372201923', '8cd1f1195b86cf597b6347f3447f89cd', '8650', 'bengkel', 4, 36),
(54, '2016-10-26 12:28:00', NULL, NULL, NULL, NULL, NULL, 'YUNESMAN', '081372201923', '2003yunesman@gmail.com', '081372201923', '102629ad018750e35298ff726282ccd0', '1151', 'bengkel', 4, 37),
(55, '2016-10-26 12:28:49', NULL, NULL, NULL, NULL, NULL, 'ACHMAD ALEK', '082170437026', 'funnyac2014@gmail.com', '082170437026', 'f797951ef9f1b1ea9902cecbdaf8fb2f', '6156', 'bengkel', 4, 38),
(56, '2016-10-26 12:30:31', NULL, NULL, NULL, NULL, NULL, 'MARSUKI', '081277555924', 'cvatmbtm@gmail.com', '081277555924', '7ffefafccb1c2072859fff9d6064affc', '9599', 'bengkel', 4, 39),
(57, '2016-10-26 12:30:56', NULL, NULL, NULL, NULL, NULL, 'CV.INTERCOOL  SOLUTIONS', '081372680668', 'intercoolsolutions238@yahoo..com', '081372680668', 'd7ab3e1669ba1761b3fa8bf020bf4789', '7528', 'bengkel', 4, 40),
(58, '2016-10-26 12:31:49', NULL, NULL, NULL, NULL, NULL, 'DEDIAMZA@YAHOO.CO.ID', '085375514129', 'dediamza@yahoo.co.id', '085375514129', 'a56b779bfb46b7de35d94a90524118dd', '3047', 'bengkel', 4, 41),
(59, '2016-10-26 12:32:39', NULL, NULL, NULL, NULL, NULL, 'ANDUS SIMBOLON', '081372288810', 'jsimsu@yahoo.com', '081372288810', '49f13384128a19f8e52653804c27de42', '8000', 'bengkel', 4, 42),
(60, '2016-10-26 12:32:39', NULL, NULL, NULL, NULL, NULL, 'ANDUS SIMBOLON', '081372288810', 'jsimsu@yahoo.com', '081372288810', 'c2e124d7f9b34bbaf63daa011de23609', '8603', 'bengkel', 4, 43),
(61, '2016-10-26 12:32:52', NULL, NULL, NULL, NULL, NULL, 'DERA KURNIAWAN', '081364182312', 'travelrara@gmail.com', '081364182312', '182127de7a1b8a406e00abe63f91ea86', '2346', 'bengkel', 4, 44),
(62, '2016-10-26 12:33:09', NULL, NULL, NULL, NULL, NULL, 'DELFAYANDI', '081277258025', 'delfayandi@.gmail.com', '081277258025', '1ca8e2f4f090e6c4ac783f068ab79f46', '9923', 'bengkel', 4, 45),
(63, '2016-10-26 12:33:32', NULL, NULL, NULL, NULL, NULL, 'DERI ZULKIFLI,S.T', '081364494222', 'bintangac89@yahoo.com', '081364494222', 'e9bd9e8a72c86eca7588b96a864797f6', '5916', 'bengkel', 4, 46),
(64, '2016-10-26 12:33:40', NULL, NULL, NULL, NULL, NULL, 'SALNOFRI.  ST', '081270028001', 'giatgigihsukses@gmail.com', '081270028001', '6007e66ef64ac7139c662fb03ced2abf', '4444', 'bengkel', 4, 47),
(65, '2016-10-26 12:33:59', NULL, NULL, NULL, NULL, NULL, 'ASRIL RAIS', '082174642143', 'asrilservice@gmail.com', '082174642143', '9d782c006e639a98d3f2d23d65a4eefe', '4420', 'bengkel', 4, 48),
(66, '2016-10-26 12:34:02', NULL, NULL, NULL, NULL, NULL, 'ASRIL RAIS', '082174642143', 'asrilservice@gmail.com', '082174642143', 'c98cb99b4a1aa070d8a21f2cc4e32294', '5200', 'bengkel', 4, 49),
(67, '2016-10-26 12:34:12', NULL, NULL, NULL, NULL, NULL, 'ANDIRAHMAN', '085376810280', 'azmartech@gmail.com', '085376810280', '1c01dfa84edb037109e2a342aabd2c3d', '3902', 'bengkel', 4, 50),
(68, '2016-10-26 12:34:16', NULL, NULL, NULL, NULL, NULL, 'RIKI MASTONI', '085278511157', 'rikimastoni@yaaho.com', '085278511157', '38a5a0f9ab7faac76ceaf93c56ccf36c', '4091', 'bengkel', 4, 51),
(69, '2016-10-26 12:34:19', NULL, NULL, NULL, NULL, NULL, 'RIKI MASTONI', '085278511157', 'rikimastoni@yaaho.com', '085278511157', 'bdfad1db0f954d8174077cac3a8a237e', '7583', 'bengkel', 4, 52),
(70, '2016-10-26 12:34:32', NULL, NULL, NULL, NULL, NULL, 'ARDIANSYAH', '081364375608', 'ardihotwater@gmail.com', '081364375608', '133a644ac642531be0decfe2d0ff39f6', '7369', 'bengkel', 4, 53),
(71, '2016-10-26 12:35:15', NULL, NULL, NULL, NULL, NULL, 'RANTO AMAN', '081372193491', 'jasamandiri8@gmail.com', '081372193491', '9b7281a80066868490b599392383c4a9', '1716', 'bengkel', 4, 54),
(72, '2016-10-26 12:35:39', NULL, NULL, NULL, NULL, NULL, 'MOCHAMAD HANIF', '081364487701', 'mochamadhanif@ymail.com', '081364487701', 'f0efdc16319a5a9db0226dec8c5b6850', '9377', 'bengkel', 4, 55),
(73, '2016-10-26 12:35:57', NULL, NULL, NULL, NULL, NULL, 'PELITA KETATEN', '08127010295', 'oyamaac@yahoo.com', '08127010295', '5cb734f553498da4fe396c708345f269', '5222', 'bengkel', 4, 56),
(74, '2016-10-26 12:36:58', NULL, NULL, NULL, NULL, NULL, 'ISKANDAR', '08127723224', 'andar88@gmail.com', '08127723224', 'e4c1ea6e26272e803ed6c0fb06d20270', '7291', 'bengkel', 4, 57),
(75, '2016-10-26 12:38:21', NULL, NULL, NULL, NULL, NULL, 'SUWITO DINCO', '08127064143', 'diencomahkotateknik.tpi@yahoo.com', '08127064143', '3b25234d3b2e1fc5ab4a572b03559b05', '7700', 'bengkel', 4, 58),
(76, '2016-10-26 12:38:21', NULL, NULL, NULL, NULL, NULL, 'SUWITO DINCO', '08127064143', 'diencomahkotateknik.tpi@yahoo.com', '08127064143', 'd172ec46857ce57f2ab3ef8c808f73e9', '3756', 'bengkel', 4, 59),
(77, '2016-10-26 12:40:14', NULL, NULL, NULL, NULL, NULL, 'M. NURDIN', '081373661666', 'dindinteknik.aircon@gmail.com', '081373661666', '5199d2da600d59defcee3d6c15728e82', '7420', 'bengkel', 4, 60),
(78, '2016-10-26 12:58:10', NULL, NULL, NULL, NULL, NULL, 'ISMARIZAL', '081372680668', 'intercoolsolutions@yahoo.com', '081372680668', '70b752ff6cb38546baf795e5e6dc2280', '1883', 'bengkel', 4, 61),
(79, '2016-10-26 12:59:34', NULL, NULL, NULL, NULL, NULL, 'ZULNAIDI', '08117008847', 'topacbatam21@gmail.com', '08117008847', 'b62d74a4ea278add4c1167168b1702a4', '3336', 'bengkel', 4, 62),
(80, '2016-10-26 14:10:08', NULL, NULL, NULL, NULL, NULL, 'AGUS', '081367322955', 'agusjacub@gmail.com', '081367322955', '9d88551f88fda3bb6d258fb49810f305', '6811', 'bengkel', 4, 63),
(81, '2016-10-26 14:10:11', NULL, NULL, NULL, NULL, NULL, 'AGUS', '081367322955', 'agusjacub@gmail.com', '081367322955', 'cce9863f2a884ae412bd2b8e239e546a', '6688', 'bengkel', 4, 64),
(82, '2016-10-26 14:38:37', NULL, NULL, NULL, NULL, NULL, 'NOVIAN ANTONIUS', '081368075151', 'gunung.biru100@gmail.com', '081368075151', '4ec4ee7f22dc5b1558c62b1ac2d8743f', '4846', 'bengkel', 4, 65),
(83, '2016-10-26 14:48:49', NULL, NULL, NULL, NULL, NULL, 'SUPRAYITNO', '081274824376', 'suprayitno.rasidmadyo@gmail.com', '081274824376', '4cf2bd514c3292c85e1546576ddc1b78', '5279', 'bengkel', 4, 66),
(84, '2016-10-26 14:53:07', NULL, NULL, NULL, NULL, NULL, 'DJUNIANTO', '08127837377', 'cvtigaputram@yahoo.com', '08127837377', '5f22d9ce173f91107865e861df2090d8', '6988', 'bengkel', 4, 67),
(85, '2016-10-26 14:54:06', NULL, NULL, NULL, NULL, NULL, 'EFRI SUSANTO', '082177774561', 'efrisusanto88@gmail.com', '082177774561', '802e8538bb60eba653de0ea10e0cea17', '2864', 'bengkel', 4, 68),
(86, '2016-10-26 14:54:06', NULL, NULL, NULL, NULL, NULL, 'EFRI SUSANTO', '082177774561', 'efrisusanto88@gmail.com', '082177774561', '2087805efe1920ed7ae0fd9607a84102', '7494', 'bengkel', 4, 69),
(87, '2016-10-26 14:55:01', NULL, NULL, NULL, NULL, NULL, 'AZIS DARYANTO', '081379515076', 'azisdaryanto87@gmail.com', '081379515076', 'd2735b2c8d01b5071a2d848a32079acf', '9058', 'bengkel', 4, 70),
(88, '2016-10-26 14:55:04', NULL, NULL, NULL, NULL, NULL, 'AZIS DARYANTO', '081379515076', 'azisdaryanto87@gmail.com', '081379515076', '89b19a035a83c0a373b7f67124f36761', '4216', 'bengkel', 4, 71),
(89, '2016-10-26 15:02:00', NULL, NULL, NULL, NULL, NULL, 'IVAN SURYADI', '08127300216', 'ivan.suryadi88@yahoo.com', '08127300216', '9cdb4dc58df3ee4294df228c4b01e0af', '6777', 'bengkel', 4, 72),
(90, '2016-10-26 15:02:02', NULL, NULL, NULL, NULL, NULL, 'IVAN SURYADI', '08127300216', 'ivan.suryadi88@yahoo.com', '08127300216', 'a3091a646bdd14da6dcea4517d4562d3', '2121', 'bengkel', 4, 73),
(91, '2016-10-26 15:02:06', NULL, NULL, NULL, NULL, NULL, 'MUHAMAD IKHSAN', '081273085000', 'ikhsan.centralac@gmail.com', '081273085000', '29c65caeb9550f3fc7d499236d500bac', '9561', 'bengkel', 4, 74),
(92, '2016-10-26 15:03:05', NULL, NULL, NULL, NULL, NULL, 'TITO WIBOWO', '082126388095', 'tito wibowo 82 @ smail com.', '082126388095', '3b77bac0d85a1ec00b95278e923f3d91', '3358', 'bengkel', 4, 75),
(93, '2016-10-26 15:03:07', NULL, NULL, NULL, NULL, NULL, 'TITO WIBOWO', '082126388095', 'tito wibowo 82 @ smail com.', '082126388095', '9fb48bd90daddd9069b95c33850e8d29', '7978', 'bengkel', 4, 76),
(94, '2016-10-26 15:03:09', NULL, NULL, NULL, NULL, NULL, 'BUDI YONO', '081373633418', 'budichafidh.ac@gmail.com', '081373633418', 'd3bd726e060e5738337de45aa43e2e79', '8156', 'bengkel', 4, 77),
(95, '2016-10-26 15:03:13', NULL, NULL, NULL, NULL, NULL, 'BUDI YONO', '081373633418', 'budichafidh.ac@gmail.com', '081373633418', 'bfadfc30bd20c2f7620a49c15ae9c79c', '4328', 'bengkel', 4, 78),
(96, '2016-10-26 15:03:14', NULL, NULL, NULL, NULL, NULL, 'BUDI YONO', '081373633418', 'budichafidh.ac@gmail.com', '081373633418', 'bf5c44d669205d8db768a82678f3e4f6', '2476', 'bengkel', 4, 79),
(97, '2016-10-26 15:10:29', NULL, NULL, NULL, NULL, NULL, 'BENNY WAHYUDI', '081370875335', 'panapani016@gmail', '081370875335', '83dc99a59f435ef26f3aa1aa7002ce43', '3696', 'bengkel', 4, 80),
(98, '2016-10-26 17:29:23', NULL, NULL, NULL, NULL, NULL, 'TRISNO SAPUTRA', '08126825128', '', '08126825128', '8ad4acaaa912ce270be134897641b0ff', '5334', 'bengkel', 4, 81),
(99, '2016-10-26 17:49:19', NULL, NULL, NULL, NULL, NULL, 'DELFIANTO', '081364003619', 'pt.becool.indonesia@gmail.com', '081364003619', 'd719e336d8e3f7374e0be16b5b799377', '8190', 'bengkel', 4, 82),
(100, '2016-10-26 18:40:41', NULL, NULL, NULL, NULL, NULL, 'KRISTIAN HANAFI', '081267050681', 'hanaf418@gmail.com', '081267050681', 'b874c13863bdddc8726dba5711cb7352', '3451', 'bengkel', 4, 83),
(101, '2016-10-27 11:26:57', NULL, NULL, NULL, NULL, NULL, 'SINAR MANDIRI', '082284884341', 'romi.multia@gmail.com', '082284884341', '54920c08a2e4ca0292ecd87ab3293b80', '7237', 'bengkel', 4, 84),
(102, '2016-10-27 11:37:15', NULL, NULL, NULL, NULL, NULL, 'FINDEY H.', '0811764778', 'superteknik_pku@yahoo.com', '0811764778', '5d7c61ab6d3d43761f7f0297c7cd8e1e', '3523', 'bengkel', 4, 85),
(103, '2016-10-28 12:32:27', NULL, NULL, NULL, NULL, NULL, 'SIMARDIN', '081371810868', 'edo.raflessia@gmail.com', '081371810868', 'bdb54aa8ce9c0efb33ee19e61cfe89d8', '2983', 'bengkel', 4, 86),
(104, '2016-10-28 12:37:09', NULL, NULL, NULL, NULL, NULL, 'ISMAIL ABDUL RAHMAN SIREGAR ,S.T', '085278659636', 'cvputrakisaranmandiri@yahoo.co.id', '085278659636', '12ff49e0510527db59edf51a61b2a976', '7430', 'bengkel', 4, 87),
(105, '2016-10-28 12:41:21', NULL, NULL, NULL, NULL, NULL, 'ZICO SILALAHI', '08126584086', 'zicosilalahy@gmail.com', '08126584086', '46637f0ee12ee35b44662b57d0485e38', '4364', 'bengkel', 4, 88),
(106, '2016-10-28 12:51:08', NULL, NULL, NULL, NULL, NULL, 'ILHAMHU', '081275838285', 'metrorayatehnik@gmail.com', '081275838285', '99cc4235eae13848c1189838fd778fa9', '7240', 'bengkel', 4, 89),
(107, '2016-10-29 08:35:04', NULL, NULL, NULL, NULL, NULL, 'APRIJON', '081365428020', '0', '081365428020', 'cdf04bc1b9108256ff498411838cc390', '3291', 'bengkel', 4, 90),
(108, '2016-10-29 22:22:08', NULL, '2016-11-25 20:08:25', 1, NULL, NULL, 'APRIJON COKI', '081365728020', 'cokiaprijon@gmail.com', 'coki', '9e913cc60400f4ee19be7acd384ef58f', '7374', 'bengkel', 4, 91),
(109, '2016-10-29 22:22:08', NULL, NULL, NULL, NULL, NULL, 'APRIJON COKI', '081365728020', 'cokiaprijon@gmail.com', '081365728020', '60ad61e42cdf90d67b0ef7581d1023a6', '3750', 'bengkel', 4, 92),
(110, '2016-11-01 18:54:57', NULL, NULL, NULL, NULL, NULL, 'ADMIN ACEH', '', NULL, 'aceh', 'f44f2542bfc28e0692350ff112ed0e97', NULL, 'pemerintah', 2, 2),
(111, '2016-11-01 18:54:57', NULL, NULL, NULL, NULL, NULL, 'ADMIN SUMUT', '', NULL, 'sumut', 'ce0a944cd55ca55beed7d453e7fd821c', NULL, 'pemerintah', 2, 3),
(112, '2016-11-01 18:54:57', NULL, NULL, NULL, NULL, NULL, 'ADMIN SUMBAR', '', NULL, 'sumbar', '391f94e63049113e448cf6b2dc49f909', NULL, 'pemerintah', 2, 4),
(113, '2016-11-01 18:54:57', NULL, NULL, NULL, NULL, NULL, 'ADMIN RIAU', '', NULL, 'riau', '8ebfdd148434fdfcf33a64b93e11cc44', NULL, 'pemerintah', 2, 5),
(114, '2016-11-01 18:54:57', NULL, NULL, NULL, NULL, NULL, 'ADMIN KEPRI', '', NULL, 'kepri', 'd1704645d453a1119992e3955aae7cf1', NULL, 'pemerintah', 2, 6),
(115, '2016-11-01 18:54:57', NULL, '2016-11-16 23:00:54', 1, NULL, NULL, 'ADMIN JAMBI', '', '', 'jambi', '6d4e873e0e04cf490773fdfaea480cfd', NULL, 'pemerintah', 2, 7),
(116, '2016-11-01 18:54:57', NULL, NULL, NULL, NULL, NULL, 'ADMIN BENGKULU', '', NULL, 'bengkulu', '2dc3cb51ee913bf8de1d4e8624a46463', NULL, 'pemerintah', 2, 8),
(117, '2016-11-01 18:54:57', NULL, NULL, NULL, NULL, NULL, 'ADMIN SUMSEL', '', NULL, 'sumsel', '74c4d15257f517fca7508682115c5fd9', NULL, 'pemerintah', 2, 9),
(118, '2016-11-01 18:54:57', NULL, NULL, NULL, NULL, NULL, 'ADMIN BABEL', '', NULL, 'babel', '10c740ac2053f6a5ab6f28aa5d292b17', NULL, 'pemerintah', 2, 10),
(119, '2016-11-01 18:54:57', NULL, NULL, NULL, NULL, NULL, 'ADMIN LAMPUNG', '', NULL, 'lampung', '4d0c141bd04c722d595566a8fb4450e2', NULL, 'pemerintah', 2, 11),
(120, '2016-11-01 18:54:57', NULL, NULL, NULL, NULL, NULL, 'ADMIN BANTEN', '', NULL, 'banten', '44798a3dd7f54f2dca7614b2cb70e9ad', NULL, 'pemerintah', 2, 12),
(121, '2016-11-01 18:54:57', NULL, NULL, NULL, NULL, NULL, 'ADMIN JABAR', '', NULL, 'jabar', '5e2ffc763e17bdb428b5c9bbed61e92c', NULL, 'pemerintah', 2, 13),
(122, '2016-11-01 18:54:57', NULL, NULL, NULL, NULL, NULL, 'ADMIN JAKARTA', '', NULL, 'jakarta', 'abe72f8430064de082fbdeadefaf18d3', NULL, 'pemerintah', 2, 14),
(123, '2016-11-01 18:54:57', NULL, NULL, NULL, NULL, NULL, 'ADMIN JATENG', '', NULL, 'jateng', '0c171fb8e09542935b516415e58b6a35', NULL, 'pemerintah', 2, 15),
(124, '2016-11-01 18:54:57', NULL, NULL, NULL, NULL, NULL, 'ADMIN JATIM', '', NULL, 'jatim', 'c5f1cd12f6f4261eb1cdfd8fab043cfa', NULL, 'pemerintah', 2, 16),
(125, '2016-11-01 18:54:57', NULL, NULL, NULL, NULL, NULL, 'ADMIN YOGYAKARTA', '', NULL, 'yogyakarta', '938639476df55e2f25001c9fb6811b6f', NULL, 'pemerintah', 2, 17),
(126, '2016-11-01 18:54:57', NULL, NULL, NULL, NULL, NULL, 'ADMIN BALI', '', NULL, 'bali', '6daa8970236f805a893a9eac21fc70d1', NULL, 'pemerintah', 2, 18),
(127, '2016-11-01 18:54:57', NULL, NULL, NULL, NULL, NULL, 'ADMIN NTB', '', NULL, 'ntb', '1cdf3396939c8249b200d77f1047a4aa', NULL, 'pemerintah', 2, 19),
(128, '2016-11-01 18:54:57', NULL, NULL, NULL, NULL, NULL, 'ADMIN NTT', '', NULL, 'ntt', 'd2601a9540d1ff3ad3f40b3bbf97b9f7', NULL, 'pemerintah', 2, 20),
(129, '2016-11-01 18:54:57', NULL, NULL, NULL, NULL, NULL, 'ADMIN KALBAR', '', NULL, 'kalbar', '4b2ff9fbabbae06806c1be7f9b614cbe', NULL, 'pemerintah', 2, 21),
(130, '2016-11-01 18:54:57', NULL, NULL, NULL, NULL, NULL, 'ADMIN KALSEL', '', NULL, 'kalsel', '07853f0d5c7042055a4cfe404783d89a', NULL, 'pemerintah', 2, 22),
(131, '2016-11-01 18:54:57', NULL, NULL, NULL, NULL, NULL, 'ADMIN KALTENG', '', NULL, 'kalteng', 'b145c84fe8ab716c0a3c450f349f660f', NULL, 'pemerintah', 2, 23),
(132, '2016-11-01 18:54:57', NULL, NULL, NULL, NULL, NULL, 'ADMIN KALTIM', '', NULL, 'kaltim', '3dd3f4e2cb9fc646426e8dd9e192c9bc', NULL, 'pemerintah', 2, 24),
(133, '2016-11-01 18:54:57', NULL, NULL, NULL, NULL, NULL, 'ADMIN KALTARA', '', NULL, 'kaltara', 'e8f2af89c50bf3996c8fd14faa907780', NULL, 'pemerintah', 2, 25),
(134, '2016-11-01 18:54:57', NULL, NULL, NULL, NULL, NULL, 'ADMIN GORONTALO', '', NULL, 'gorontalo', '83d8e8d47ff40562de2cd09bcf842884', NULL, 'pemerintah', 2, 26),
(135, '2016-11-01 18:54:57', NULL, NULL, NULL, NULL, NULL, 'ADMIN SULSEL', '', NULL, 'sulsel', 'de107bd1788eb77a2a9c092169e5cfa1', NULL, 'pemerintah', 2, 27),
(136, '2016-11-01 18:54:57', NULL, NULL, NULL, NULL, NULL, 'ADMIN SULTRA', '', NULL, 'sultra', '9d0bc1229b9e0791373b1fd9b9931c9f', NULL, 'pemerintah', 2, 28),
(137, '2016-11-01 18:54:57', NULL, NULL, NULL, NULL, NULL, 'ADMIN SULTENG', '', NULL, 'sulteng', '5fc78f1a2d48d762fc9141be234f8676', NULL, 'pemerintah', 2, 29),
(138, '2016-11-01 18:54:57', NULL, NULL, NULL, NULL, NULL, 'ADMIN SULUT', '', NULL, 'sulut', '1694cf746faa8e1f674e28d495320e20', NULL, 'pemerintah', 2, 30),
(139, '2016-11-01 18:54:57', NULL, NULL, NULL, NULL, NULL, 'ADMIN SULBAR', '', NULL, 'sulbar', 'facba2038b755f9faf07ab034cb09ade', NULL, 'pemerintah', 2, 31),
(140, '2016-11-01 18:54:57', NULL, NULL, NULL, NULL, NULL, 'ADMIN MALUKU', '', NULL, 'maluku', '67a92e1dcbfc23abda95ec791a8e2a5f', NULL, 'pemerintah', 2, 32),
(141, '2016-11-01 18:54:57', NULL, NULL, NULL, NULL, NULL, 'ADMIN MALUT', '', NULL, 'malut', '6f59cf1558ab6ffec061a685acf78c1b', NULL, 'pemerintah', 2, 33),
(142, '2016-11-01 18:54:57', NULL, NULL, NULL, NULL, NULL, 'ADMIN PAPUA', '', NULL, 'papua', '67a6f311d60a8c6f7d6fc72d321f9b7c', NULL, 'pemerintah', 2, 34),
(143, '2016-11-01 18:54:57', NULL, NULL, NULL, NULL, NULL, 'ADMIN PABAR', '', NULL, 'pabar', '76ab12ad064e5f80b7e28ecad4a1a6bc', NULL, 'pemerintah', 2, 35),
(144, '2016-11-02 00:13:45', NULL, NULL, NULL, NULL, NULL, 'A', '085242321732', 'a', '085242321732', '15ffca471fbc479f9c6b6fd7ba1330ad', '2539', 'bengkel', 4, 93),
(145, '2016-11-02 00:23:23', NULL, NULL, NULL, NULL, NULL, 'A', '085242321732', 'a', '085242321732', 'd34e9cd8f271a377db89f029b06acba7', '5216', 'bengkel', 4, 94),
(146, '2016-11-02 00:23:25', NULL, NULL, NULL, NULL, NULL, 'A', '085242321732', 'a', '085242321732', '25b2a8938cbce16840870a7c43624f3b', '1384', 'bengkel', 4, 95),
(147, '2016-11-02 00:25:17', NULL, NULL, NULL, NULL, NULL, 'A', '085242321732', 'a', '085242321732', 'ed90733c118673ffebd7eee30ad47789', '3498', 'bengkel', 4, 96),
(148, '2016-11-02 00:28:43', NULL, NULL, NULL, NULL, NULL, 'A', '085242321732', 'a', '085242321732', 'fea2dee60bc455ed8d88b84c5f10443b', '5950', 'bengkel', 4, 97),
(149, '2016-11-02 11:14:01', NULL, NULL, NULL, NULL, NULL, 'SUDARTO', '085606673857', 'bimatekniksurabaya@gmail.com', '085606673857', '3c8e83535a489e663bbe2c611defefc0', '4615', 'bengkel', 4, 98),
(150, '2016-11-02 11:15:05', NULL, NULL, NULL, NULL, NULL, 'HAMDAN SAHLABY', '082145495553', 'hadfie@yahoo.com', '082145495553', 'a3265a69aed01db06118eb9aade9ae60', '1687', 'bengkel', 4, 99),
(151, '2016-11-02 11:15:31', NULL, NULL, NULL, NULL, NULL, 'ANUGERAH TEKNIK', '083830662008', 'walisunan47@yahoo.com', '083830662008', 'd719e336d8e3f7374e0be16b5b799377', '8190', 'bengkel', 4, 100),
(152, '2016-11-02 11:16:00', NULL, NULL, NULL, NULL, NULL, 'HAMDAN SAHLABY', '082145495553', 'hadfie@yahoo.com', '082145495553', '31a3f78714bf8e67d44d1f396d09f411', '5756', 'bengkel', 4, 101),
(153, '2016-11-02 11:16:02', NULL, NULL, NULL, NULL, NULL, 'HAMDAN SAHLABY', '082145495553', 'hadfie@yahoo.com', '082145495553', '863df89ffc3dd9b0aa5f3db38b644191', '2903', 'bengkel', 4, 102),
(154, '2016-11-02 11:17:22', NULL, NULL, NULL, NULL, NULL, 'ARI PURNAMA JATI', '089682377479', 'aripurnama555@gmail.com', '089682377479', '0765ca24855c91f0fc101d7943f6a9ba', '7321', 'bengkel', 4, 103),
(155, '2016-11-02 11:18:38', NULL, NULL, NULL, NULL, NULL, 'SLAMET SUHARJO', '0811343576', 'slametsuharjo1@gmail.com', '0811343576', '1c98d8a50ec48ee057258d10e556ba55', '6931', 'bengkel', 4, 104),
(156, '2016-11-02 11:19:10', NULL, NULL, NULL, NULL, NULL, 'RIDWAN TAUFIK', '081331676996', '0', '081331676996', 'a32d816e6f9e2e0dec29498df8163f5d', '5075', 'bengkel', 4, 105),
(157, '2016-11-02 11:19:12', NULL, NULL, NULL, NULL, NULL, 'RIDWAN TAUFIK', '081331676996', '0', '081331676996', 'df81aed53e1567b5b55a122bf758dbca', '8637', 'bengkel', 4, 106),
(158, '2016-11-02 11:19:54', NULL, NULL, NULL, NULL, NULL, 'SMKN 1 CERME GRESIK', '085100227386', 'bkksmkn1cerme@gmail.com', '085100227386', '63a4f7eb78525d6e460c83381573d67d', '8304', 'bengkel', 4, 107),
(159, '2016-11-02 11:22:21', NULL, NULL, NULL, NULL, NULL, 'KURNIAWAN', '081357914999', 'kurniawan.madina@gmail.com', '081357914999', '5c10d76faffc97664238d37627dacb43', '3881', 'bengkel', 4, 108),
(160, '2016-11-02 11:22:21', NULL, NULL, NULL, NULL, NULL, 'MUCHAMMAD HAFIZH', '089526489938', 'respector243@gmail.com', '089526489938', '570c409fde4ccee55a636bf3d86b34ec', '7839', 'bengkel', 4, 109),
(161, '2016-11-02 11:23:47', NULL, NULL, NULL, NULL, NULL, 'MOH.KHOLILI', '085815050310', 'kholili321@gmail.com', '085815050310', '2d082c8b478cc7af2e613f7e2e8538ab', '7127', 'bengkel', 4, 110),
(162, '2016-11-02 11:24:16', NULL, NULL, NULL, NULL, NULL, 'DIAN CANDRA ARI WAHYUDI', '082334448325', 'ariwahyudi42@gmail.com', '082334448325', '7a64674b6f8fdc40cf0869d95532e624', '4380', 'bengkel', 4, 111),
(163, '2016-11-02 11:24:27', NULL, NULL, NULL, NULL, NULL, 'ANTONIUS SUGENG WIDIANTO', '081365101599', 'antonius.widianto@gmail.com', '081365101599', '5d7890d734c2ab4200389b68d87e0439', '5976', 'bengkel', 4, 112),
(164, '2016-11-02 11:27:37', NULL, NULL, NULL, NULL, NULL, 'BOBY ADE BEZALIEL', '081230062913', 'bobyachmadbezaliel@gmail.com', '081230062913', '0ec5c453fccd91f7f027c13d042d23aa', '1626', 'bengkel', 4, 113),
(165, '2016-11-02 11:27:38', NULL, NULL, NULL, NULL, NULL, 'BOBY ADE BEZALIEL', '081230062913', 'bobyachmadbezaliel@gmail.com', '081230062913', 'e64a3138fc67800437262065f61d22e1', '6231', 'bengkel', 4, 114),
(166, '2016-11-02 11:28:48', NULL, NULL, NULL, NULL, NULL, 'SAMSUL ASHADI', '087852188933', 'samsulcool720@gmail.com', '087852188933', '91fc42dd9fa395bfa2ab0394661c7344', '7219', 'bengkel', 4, 115),
(167, '2016-11-02 11:32:54', NULL, NULL, NULL, NULL, NULL, 'ANDREAS BARRY', '081290856912', 'abarryharsono@gmail.com', '081290856912', '4f3386a3a794de7f014ed8885e85fcb6', '9509', 'bengkel', 4, 116),
(168, '2016-11-02 11:34:23', NULL, NULL, NULL, NULL, NULL, 'BUDIONO', '082140004746', 'bestmultimediaubaya@gmail.com', '082140004746', 'a173dc355c057c3199754c5ced427e6b', '9336', 'bengkel', 4, 117),
(169, '2016-11-02 11:44:56', NULL, NULL, NULL, NULL, NULL, 'JOKO PRIYANTO', '085102433348', 'priyantojoko@rocketmail.com', '085102433348', '97bf99dc629cbe6bec2218bbf210dfa0', '4119', 'bengkel', 4, 118),
(170, '2016-11-02 11:44:57', NULL, NULL, NULL, NULL, NULL, 'LUSANJAYA', '085726505000', 'dokter.teknik@yahoo.com', '085726505000', 'aeacb955562d5a55e31d53416c0dea75', '2691', 'bengkel', 4, 119),
(171, '2016-11-02 11:45:33', NULL, NULL, NULL, NULL, NULL, 'DWIJAYA PURWANTO', '085740661151', 'acdwijaya@gmail.com', '085740661151', 'c2abad8374b43182e8aaab7aba70d63d', '2677', 'bengkel', 4, 120),
(172, '2016-11-02 11:45:56', NULL, NULL, NULL, NULL, NULL, 'DEDI HARDANA', '087738445543', 'dehardana@gmail.com', '087738445543', 'd13dfc58f44dd160eb6aa78c384e59b7', '1677', 'bengkel', 4, 121),
(173, '2016-11-02 11:50:15', NULL, NULL, NULL, NULL, NULL, 'IWAN YULIANTO', '082133548505', 'solusirefrigerasi@gmail.com', '082133548505', '4d11ae73ef139ffda3cbf3fbbbdd8520', '1357', 'bengkel', 4, 122),
(174, '2016-11-02 11:55:01', NULL, NULL, NULL, NULL, NULL, 'HEROE MAWARDI', '081216883309', '', '081216883309', 'eb5d36f7c89ba9dab97fab2c921e36da', '4815', 'bengkel', 4, 123),
(175, '2016-11-02 11:55:04', NULL, NULL, NULL, NULL, NULL, 'HEROE MAWARDI', '081216883309', '', '081216883309', '9f969f05d5c230f22a996394fc31fbb9', '1081', 'bengkel', 4, 124),
(176, '2016-11-02 11:56:40', NULL, NULL, NULL, NULL, NULL, 'MUHAMAD FAHRUDIN', '081915444655', 'm.fahrin@gmail.com', '081915444655', '63540e73a1699702e61b1be5ad3aa97e', '5126', 'bengkel', 4, 125),
(177, '2016-11-02 11:56:42', NULL, NULL, NULL, NULL, NULL, 'MUHAMAD FAHRUDIN', '081915444655', 'm.fahrin@gmail.com', '081915444655', '1be4159b21ac9afc57ad543c177891db', '8283', 'bengkel', 4, 126),
(178, '2016-11-02 11:57:04', NULL, NULL, NULL, NULL, NULL, 'MOCHAMMAD FACHRUR ROZY', '08123137652', 'butan66sumberjaya@gmail.com', '08123137652', '8790a42c25f7d219c1a8bface60b9127', '5141', 'bengkel', 4, 127),
(179, '2016-11-02 11:59:11', NULL, NULL, NULL, NULL, NULL, 'HERI IRAWAN', '08562942506', 'wwteknikmgl@gmail.com', '08562942506', '6af2b7c42426bb0f1a764b6f42387906', '8632', 'bengkel', 4, 128),
(180, '2016-11-02 11:59:15', NULL, NULL, NULL, NULL, NULL, 'HERI IRAWAN', '08562942506', 'wwteknikmgl@gmail.com', '08562942506', 'ba795f3f1f49b3b587d1964175ef0e1b', '7822', 'bengkel', 4, 129),
(181, '2016-11-02 11:59:33', NULL, NULL, NULL, NULL, NULL, 'MUHAMMAD HIDAYAT', '087738581420', 'grha_utama@yahoo.co.id', '087738581420', 'ec3f2f320b99d9e4d28ccd19b8351329', '6197', 'bengkel', 4, 130),
(182, '2016-11-02 12:05:25', NULL, NULL, NULL, NULL, NULL, 'MA''RUF FIN ATMAJA', '081804128718', 'zonateknik@ymail.com', '081804128718', '561d48a91130574f9a6cfe2f1b0bc51c', '4026', 'bengkel', 4, 131),
(183, '2016-11-02 12:08:50', NULL, NULL, NULL, NULL, NULL, 'NUGRAHA', '0817460302', 'cv.nugrahateknik@gmail.com', '0817460302', '8ebcdb0a8ffc3240c0f06726604d3582', '2614', 'bengkel', 4, 132),
(184, '2016-11-02 12:11:14', NULL, NULL, NULL, NULL, NULL, 'MARHAEN', '08156874758', 'tehnikg@gmail.com', '08156874758', '764a4444c6d16a0148fb407c0f17a102', '3475', 'bengkel', 4, 133),
(185, '2016-11-02 12:12:35', NULL, NULL, NULL, NULL, NULL, 'RIDA ISNAIN KUNTI FIRMANSYAH', '087832129102', 'jayateknik67@gmail.com', '087832129102', 'c79acbd311ee229af30cee47dda045eb', '8293', 'bengkel', 4, 134),
(186, '2016-11-02 12:25:40', NULL, NULL, NULL, NULL, NULL, 'MULYAMIN', '08126574599', 'h_agung07@yahoo.co.id', '08126574599', '6624e322437d55aa0a2998be1f2fe62a', '5583', 'bengkel', 4, 135),
(187, '2016-11-02 12:30:27', NULL, NULL, NULL, NULL, NULL, 'IRWANDI SYAHPUTRA', '085297101982', 'andy90respect@gmail.com', '085297101982', '238897e843f64ec1590affd424c87f4e', '3070', 'bengkel', 4, 136),
(188, '2016-11-02 13:08:49', NULL, NULL, NULL, NULL, NULL, 'MUHAMMAD ARIF', '085276936435', 'remajapolos27@gmail.com', '085276936435', '163c239ad8fe6eb1ccdec2f04b6371cb', '2845', 'bengkel', 4, 137),
(189, '2016-11-02 13:14:32', NULL, NULL, NULL, NULL, NULL, 'M ARIFIN SIREGAR', '08537387366', '-', '08537387366', '4427c9b12490fc1b3b03920448db8510', '6050', 'bengkel', 4, 138),
(190, '2016-11-02 13:14:34', NULL, NULL, NULL, NULL, NULL, 'M ARIFIN SIREGAR', '08537387366', '-', '08537387366', '1474709e9392d44d6ab42ef88413a180', '1023', 'bengkel', 4, 139),
(191, '2016-11-02 13:14:38', NULL, NULL, NULL, NULL, NULL, 'PARTOMUAN SIHITE', '081375673909', 'pato_sihite2@yahoo.com', '081375673909', '3518bdd5455607692137e8c7a2861a53', '2963', 'bengkel', 4, 140),
(192, '2016-11-02 13:16:38', NULL, NULL, NULL, NULL, NULL, 'YONGKI GINTING ST', '082361170121', 'yongkyginting.yg@gmail.com', '082361170121', '1c95603874393092ae6ed15ab521b3c5', '1524', 'bengkel', 4, 141),
(193, '2016-11-02 13:24:25', NULL, NULL, NULL, NULL, NULL, 'MANAHAN LUMBANBATU', '081265063407', 'manahanmarbun@gmail.com', '081265063407', '5512b9db2bebfb23f3c01f48ceb849df', '9511', 'bengkel', 4, 142),
(194, '2016-11-02 13:29:13', NULL, '2016-11-15 17:10:06', 1, NULL, NULL, 'AYOTO MAS', '823199922', 'yoto@gmail.com', 'yotoa', '7894b22cdc3ec674808efe22e5edb7fe', '9817', 'bengkel', 4, 142),
(195, '2016-11-02 13:35:55', NULL, NULL, NULL, NULL, NULL, 'KHAIRUL AMRI DALIMUNTHE', '085261820800', 'amrimunthe151@gmail.com', '085261820800', 'e30cf03f50bfea48929d10ae3eb58226', '6946', 'bengkel', 4, 144),
(196, '2016-11-02 13:40:07', NULL, NULL, NULL, NULL, NULL, 'PRIMA PUTRA LIMBONG', '081272180559', 'putralimbong2009@gmail.com', '081272180559', '7685e067b8b5ad520c2387f50d833a5a', '7989', 'bengkel', 4, 145),
(197, '2016-11-02 13:40:35', NULL, NULL, NULL, NULL, NULL, 'MUHAMMAD SUTRISNO', '08126017485', 'gapaacmedan@gmail.com', '08126017485', '68068b4245739b3edff40bbca1017a3e', '7343', 'bengkel', 4, 146),
(198, '2016-11-02 13:43:34', NULL, NULL, NULL, NULL, NULL, 'DWI', '085270831686', 'ddwirimawan@gmail.com', '085270831686', '10b7e4183c3eb1760028f4fcc3440941', '5450', 'bengkel', 4, 147),
(199, '2016-11-02 13:48:43', NULL, NULL, NULL, NULL, NULL, 'NOFAN RULLYANTO TINAMBUNAN', '081260556654', 'nofandukun@yahoo.co.id', '081260556654', '6df5df4ac406ff5898a31da491900119', '6517', 'bengkel', 4, 148),
(200, '2016-11-02 13:48:58', NULL, NULL, NULL, NULL, NULL, 'EKO HARYONO', '08126428204', 'ekoharyono888@yahoo.co.id', '08126428204', 'a85a526927e62989eb8b2465e12c3112', '3513', 'bengkel', 4, 149),
(201, '2016-11-02 13:52:52', NULL, NULL, NULL, NULL, NULL, 'JEREMIA SUKUTEN SIANTURI', '085270151771', 'jeremiasukuten@gmail.com', '085270151771', '40a90d837c06dcb414ad08ee922ddeac', '6254', 'bengkel', 4, 150),
(202, '2016-11-02 13:53:08', NULL, NULL, NULL, NULL, NULL, 'TAUFIQ', '082162464709', 'putra_zeb@yahoo..com', '082162464709', 'c2c3af134e145d57a1d8c23e2acbde94', '2817', 'bengkel', 4, 151),
(203, '2016-11-02 14:16:43', NULL, NULL, NULL, NULL, NULL, 'MAHYUDIN HARAHAP', '081375942337', '-', '081375942337', 'b3b4065ed3b4d1750850cca2672e48ba', '7039', 'bengkel', 4, 152),
(204, '2016-11-02 14:19:10', NULL, NULL, NULL, NULL, NULL, 'SAFRIADI', '081361797343', 'safriadiy@gmail.com', '081361797343', '94f1aa0d43507f03fdf397c36255c459', '9967', 'bengkel', 4, 153),
(205, '2016-11-02 14:41:36', NULL, NULL, NULL, NULL, NULL, 'HASRIZAL RAY', '081375721545', 'hazrizalray@yahoo.com', '081375721545', '06cc5e03565d8a256903ffef1b76065a', '3170', 'bengkel', 4, 154),
(206, '2016-11-02 15:32:42', NULL, NULL, NULL, NULL, NULL, 'M.ARIFIN SIREGAR', '085373877366', 'arifinjamoer@gamail.com', '085373877366', 'a4f4f6899ec5a445bb88d1f5d08474f2', '9693', 'bengkel', 4, 155),
(207, '2016-11-02 20:37:29', NULL, NULL, NULL, NULL, NULL, 'FADJAR BHAKTI PRIHANDONO', '085643593743', 'gway230@gmail.com', '085643593743', 'de8b60e3ec3cad73230b8d3728cf38be', '7794', 'bengkel', 4, 156),
(208, '2016-11-03 00:40:09', NULL, NULL, NULL, NULL, NULL, 'MUH KHAFIDZIN', '085878586665', 'themin43@gmail.com', '085878586665', '29f2326755511859f3eaddff460c8aa5', '1019', 'bengkel', 4, 157),
(209, '2016-11-03 08:20:03', NULL, NULL, NULL, NULL, NULL, 'MUH. KHAFIDZIN', '085878586665', 'themin43@ail.com', '085878586665', '429320225c47e6690b85327e5949a268', '5485', 'bengkel', 4, 158),
(210, '2016-11-03 08:20:07', NULL, NULL, NULL, NULL, NULL, 'MUH. KHAFIDZIN', '085878586665', 'themin43@ail.com', '085878586665', '2e1ee36fad1de909856909088e476422', '4382', 'bengkel', 4, 159),
(211, '2016-11-03 08:54:39', NULL, NULL, NULL, NULL, NULL, 'BUDIONO', '081335795857', 'budiono5758@yahoo.co.id', '081335795857', '189c4787c6868235a88672f9e352ee24', '5610', 'bengkel', 4, 160),
(212, '2016-11-03 10:32:31', NULL, NULL, NULL, NULL, NULL, 'AINUR ROIS SMKN 1 SIDOARJO', '087702667709', 'rois_ainur@yahoo.co.id', '087702667709', '30e6b7ed30ff99a697a82165788f179b', '8803', 'bengkel', 4, 161),
(213, '2016-11-03 12:04:15', NULL, NULL, NULL, NULL, NULL, 'SIGIT HARJANTO', '081332237401', '', '081332237401', '2e620c13499ca9b016484c6e254b512f', '5692', 'bengkel', 4, 162),
(214, '2016-11-03 12:59:26', NULL, NULL, NULL, NULL, NULL, 'SAIFUDIN ZUHRI', '08123270103', 'giri_teknik@yahoo.co.id', '08123270103', '0216e30bcef6795378128f006fea602e', '3407', 'bengkel', 4, 176),
(215, '2016-11-03 18:35:18', NULL, NULL, NULL, NULL, NULL, 'DAVID TRIYONO', '085729670087', 'elcoffee13@gmail.com', '085729670087', 'bc4393cb8a6c1656b63fd1a5d0e789bb', '6953', 'bengkel', 4, 179),
(216, '2016-11-04 09:26:24', NULL, NULL, NULL, NULL, NULL, 'GANJAR WAHYUDI', '08194118373', 'gandiwahyu797@gmail.com', '08194118373', 'ff6adc0834b35c033a84192d17d09528', '6631', 'bengkel', 4, 180),
(217, '2016-11-04 09:26:33', NULL, NULL, NULL, NULL, NULL, 'SUWARNA', '08122792848', 'suwarna903@gmail.com', '08122792848', '5d6799c4ad5bfa3e50add67c85a88b93', '1128', 'bengkel', 4, 181),
(218, '2016-11-04 09:28:49', NULL, NULL, NULL, NULL, NULL, 'GANJAR WAHYUDI', '08194118373', 'gandiwahyu797@gmail.com', '08194118373', '6c2091ec7b10b42f0b1fa04036e538f0', '4191', 'bengkel', 4, 182),
(219, '2016-11-04 10:18:00', NULL, NULL, NULL, NULL, NULL, 'RUDI HARTONO', '081330495678', '0', '081330495678', '6c34583033ef975a6e30d955216e0382', '4638', 'bengkel', 4, 183),
(220, '2016-11-04 10:19:15', NULL, NULL, NULL, NULL, NULL, 'EDWIN DWI CAHYA', '082277690123', 'edwincahya@gmail.com', '082277690123', '50bd09acd0244991ee42567b057b65dc', '2674', 'bengkel', 4, 184),
(221, '2016-11-04 10:19:17', NULL, NULL, NULL, NULL, NULL, 'EDWIN DWI CAHYA', '082277690123', 'edwincahya@gmail.com', '082277690123', 'fbc6fe3505bf15ab2090f86bcd999adc', '9822', 'bengkel', 4, 185),
(222, '2016-11-04 10:36:13', NULL, NULL, NULL, NULL, NULL, 'FERRY ARIANES', '081330644087', '', '081330644087', '097dd98337305f1613b908ea7f3ac33c', '9228', 'bengkel', 4, 186),
(223, '2016-11-04 11:15:09', NULL, NULL, NULL, NULL, NULL, 'LUPUS HERDINANTO', '081226345670', '-', '081226345670', '018f152baa21043dae19a5042db091ae', '3499', 'bengkel', 4, 187),
(224, '2016-11-04 14:26:51', NULL, NULL, NULL, NULL, NULL, 'SURYA ASWANDA', '082272577424', 'suryaaswanda.21.07@gmail.com', '082272577424', '02f12f9dc31cfefe37490928204d4e56', '1509', 'bengkel', 4, 188),
(225, '2016-11-04 14:26:54', NULL, NULL, NULL, NULL, NULL, 'SURYA ASWANDA', '082272577424', 'suryaaswanda.21.07@gmail.com', '082272577424', '70f7052e7db229569814078da9dd5d07', '9051', 'bengkel', 4, 189),
(226, '2016-11-04 14:41:53', NULL, NULL, NULL, NULL, NULL, 'EKO HARYANTO', '081804398445', 'ekajayatech@gmail.com', '081804398445', 'b9ebf90b0ccb8523291d924f2ae705b7', '9991', 'bengkel', 4, 190),
(227, '2016-11-04 14:41:53', NULL, NULL, NULL, NULL, NULL, 'EKO HARYANTO', '081804398445', 'ekajayatech@gmail.com', '081804398445', '1c8e0519873b51920175abbfb9f80cb2', '9203', 'bengkel', 4, 191),
(228, '2016-11-07 21:53:46', NULL, NULL, NULL, NULL, NULL, 'ARGA', '08179662311', 'arga@briqsoftware.com', '08179662311', 'ef9d9da33d2ebf405b3b9146a8850059', '4045', 'bengkel', 4, 201),
(229, '2016-11-07 21:53:47', NULL, NULL, NULL, NULL, NULL, 'ARGA', '08179662311', 'arga@briqsoftware.com', '08179662311', '48bad44768fefdebe98f97fd49645d27', '3166', 'bengkel', 4, 202),
(230, '2016-11-07 23:33:49', NULL, NULL, NULL, NULL, NULL, 'KRISTIAN HANAFI', '081267050681', 'hanaf418@gmail.com', '081267050681', 'd12cb546b3ed0622849572321a46701f', '8701', 'bengkel', 4, 203),
(231, '2016-11-10 20:54:34', NULL, '2016-11-10 20:56:41', 231, NULL, NULL, 'DIMAS PERMANA PUTRA', '081233664974', 'dimasp@gmail.com', '081233664974', '25ebcf4bfed86ed2599bd9926f8c40e9', '2398', 'bengkel', 4, 204),
(232, '2016-11-10 21:23:26', NULL, NULL, NULL, NULL, NULL, 'DEVMATECH', '081233664974', 'devma@gm.com', '081233664974', '4193f9f684c8dcd6d74616d511db6b44', '7702', 'ukm', 4, 1),
(233, '2016-11-11 01:49:20', NULL, NULL, NULL, NULL, NULL, 'BESAR SEKALI', '1234567', 's@a.as', '1234567', 'cae9e1d71db8b48e452cdc3a6817eea5', '1977', 'besar', 4, 1),
(234, '2016-11-11 02:23:01', NULL, NULL, NULL, NULL, NULL, 'MAHFUD', '96669', 'as@www.vo', '96669', '24cd9480674fe36c5fda33a3212c9421', '5571', 'institusi', 4, 1),
(235, '2016-11-11 02:36:34', NULL, NULL, NULL, NULL, NULL, 'EDY RUMPOKO', '9876', 'rum@g', '9876', 'aa9b2b65a238b5de8fa2d6e76a38b396', '3038', 'ukm', 4, 2),
(236, '2016-11-15 15:38:59', 1, NULL, NULL, '2016-11-15 16:18:03', 1, 'Mentos', '121232', 'ad@as.som', 'mentos', '838aea73deae48ac20de1b8756da213e', NULL, 'pemerintah', 0, 14),
(237, '2016-11-15 16:12:35', 1, NULL, NULL, NULL, NULL, 'KADIR', '4123122', 'kadir@gmai.com', 'kadir', 'bf9395c69302c8a9b748caf6d1080807', NULL, 'pemerintah', 2, 6),
(238, '2016-11-15 16:16:23', 1, '2016-11-15 17:11:03', 1, NULL, NULL, 'COZI GEISHA', '5454331', 'geisha@gmail.com', 'geisha', 'f259412603a20aff69ffbaf9c35da1ae', NULL, 'bengkel', 4, 81),
(239, '2016-11-24 20:29:42', 1, '2016-11-24 20:39:19', 1, NULL, NULL, 'OMAR SHIVORI', '081233664974', 'dimas@gmail.com', 'omarrrr', '88317128d86a2a4e47c0fbc3c910a350', NULL, 'ukm', 4, 3),
(240, '2016-11-24 22:06:32', 1, NULL, NULL, NULL, NULL, 'SUMUT', '213213', 'medan@gmail.com', 'sumut', '0015d6868cfcae911111a60f391ad7b9', NULL, 'pemerintah', 2, 3),
(241, '2016-11-29 00:19:18', 1, NULL, NULL, NULL, NULL, 'AREMA', '213123123', 'arema@gmail.com', 'edan', '0030ad8021960494af55755c71854010', NULL, 'ukm', 4, 2),
(242, '2016-11-29 21:03:50', 1, NULL, NULL, NULL, NULL, 'WHELLY', '122312321', 'whelly@gmail.com', 'whelly', '6da2ec055024ab3ba75a05e4e66cb1f3', NULL, 'publik', 5, 0),
(243, '2016-12-10 09:43:25', 1, NULL, NULL, NULL, NULL, 'KAK ROS', '2134222', 'kakros@gmail.com', 'kakros', 'b94321d9d6029e8d16ccbf267479e9dc', NULL, 'besar', 4, 3),
(244, '2016-12-10 11:14:07', 1, NULL, NULL, NULL, NULL, 'DHANI MUHAMMAD', '081233664974', 'dhanimuhd@gmail.com', 'bukalapak', '73e15cec6639d9536069658667ab31f9', NULL, 'bengkel', 4, 205);

-- --------------------------------------------------------

--
-- Table structure for table `propinsi`
--

CREATE TABLE IF NOT EXISTS `propinsi` (
  `id` int(11) NOT NULL AUTO_INCREMENT,
  `created_at` timestamp NOT NULL DEFAULT CURRENT_TIMESTAMP,
  `created_by` int(11) DEFAULT NULL,
  `updated_at` datetime DEFAULT NULL,
  `updated_by` int(11) DEFAULT NULL,
  `deleted_at` datetime DEFAULT NULL,
  `deleted_by` int(11) DEFAULT NULL,
  `nama` varchar(200) NOT NULL,
  `slug` varchar(100) NOT NULL,
  `center` varchar(100) NOT NULL,
  PRIMARY KEY (`id`)
) ENGINE=InnoDB  DEFAULT CHARSET=utf8 AUTO_INCREMENT=35 ;

--
-- Dumping data for table `propinsi`
--

INSERT INTO `propinsi` (`id`, `created_at`, `created_by`, `updated_at`, `updated_by`, `deleted_at`, `deleted_by`, `nama`, `slug`, `center`) VALUES
(1, '2016-10-27 19:15:57', NULL, NULL, NULL, NULL, NULL, 'NANGROE ACEH DAROESSALAM', 'aceh', '5.549142, 95.328016'),
(2, '2016-10-27 19:15:57', NULL, NULL, NULL, NULL, NULL, 'SUMATERA UTARA', 'sumut', '3.592261, 98.677733'),
(3, '2016-10-27 19:16:15', NULL, NULL, NULL, NULL, NULL, 'SUMATERA BARAT', 'sumbar', '-0.943643, 100.410496'),
(4, '2016-10-27 19:16:15', NULL, NULL, NULL, NULL, NULL, 'RIAU', 'riau', '0.508298, 101.454222'),
(5, '2016-10-27 19:16:30', NULL, NULL, NULL, NULL, NULL, 'KEPULAUAN RIAU', 'kepri', '0.918521, 104.467775'),
(6, '2016-10-27 19:16:30', NULL, NULL, NULL, NULL, NULL, 'JAMBI', 'jambi', '-1.590188, 103.610902'),
(7, '2016-10-27 19:16:45', NULL, NULL, NULL, NULL, NULL, 'BENGKULU', 'bengkulu', '-3.792117, 102.263723'),
(8, '2016-10-27 19:16:45', NULL, NULL, NULL, NULL, NULL, 'SUMATERA SELATAN', 'sumsel', '-2.975197, 104.781847'),
(9, '2016-10-27 19:17:05', NULL, NULL, NULL, NULL, NULL, 'KEPULAUAN BANGKA BELITUNG', 'babel', '-2.133835, 106.118467'),
(10, '2016-10-27 19:17:05', NULL, NULL, NULL, NULL, NULL, 'LAMPUNG', 'lampung', '-5.395767, 105.262498'),
(11, '2016-10-27 19:17:23', NULL, NULL, NULL, NULL, NULL, 'BANTEN', 'banten', '-6.110654, 106.164170'),
(12, '2016-10-27 19:17:23', NULL, NULL, NULL, NULL, NULL, 'JAWA BARAT', 'jabar', '-6.914697, 107.612945'),
(13, '2016-10-27 19:17:40', NULL, NULL, NULL, NULL, NULL, 'DKI JAKARTA', 'jakarta', '-6.209951, 106.832951'),
(14, '2016-10-27 19:17:40', NULL, NULL, NULL, NULL, NULL, 'JAWA TENGAH', 'jateng', '-6.964119, 110.418162'),
(15, '2016-10-27 19:18:06', NULL, NULL, NULL, NULL, NULL, 'DI YOGYAKARTA', 'yogyakarta', '-7.795767, 110.373815'),
(16, '2016-10-27 19:18:06', NULL, NULL, NULL, NULL, NULL, 'JAWA TIMUR', 'jatim', '-7.258591, 112.753913'),
(17, '2016-10-27 19:18:24', NULL, NULL, NULL, NULL, NULL, 'BALI', 'bali', '-8.651301, 115.212600'),
(18, '2016-10-27 19:18:24', NULL, NULL, NULL, NULL, NULL, 'NUSA TENGGARA BARAT', 'ntb', '-8.583800, 116.119518'),
(19, '2016-10-27 19:18:41', NULL, NULL, NULL, NULL, NULL, 'NUSA TENGGARA TIMUR', 'ntt', '-10.177485, 123.605449'),
(20, '2016-10-27 19:18:41', NULL, NULL, NULL, NULL, NULL, 'KALIMANTAN BARAT', 'kalbar', '-0.023379, 109.343910'),
(21, '2016-10-27 19:19:01', NULL, NULL, NULL, NULL, NULL, 'KALIMANTAN SELATAN', 'kalsel', '-3.318421, 114.599534'),
(22, '2016-10-27 19:19:01', NULL, NULL, NULL, NULL, NULL, 'KALIMANTAN TENGAH', 'kalteng', '-2.216049, 113.912136'),
(23, '2016-10-27 19:19:19', NULL, NULL, NULL, NULL, NULL, 'KALIMANTAN TIMUR', 'kaltim', '-0.493913, 117.141774'),
(24, '2016-10-27 19:19:19', NULL, NULL, NULL, NULL, NULL, 'KALIMANTAN UTARA', 'kaltara', '2.770372, 117.422471'),
(25, '2016-10-27 19:19:35', NULL, NULL, NULL, NULL, NULL, 'GORONTALO', 'gorontalo', '0.544287, 123.055127'),
(26, '2016-10-27 19:19:35', NULL, NULL, NULL, NULL, NULL, 'SULAWESI SELATAN', 'sulsel', '-5.147722, 119.437581'),
(27, '2016-10-27 19:19:53', NULL, NULL, NULL, NULL, NULL, 'SULAWESI TENGGARA', 'sultra', '-4.000119, 122.516102'),
(28, '2016-10-27 19:19:53', NULL, NULL, NULL, NULL, NULL, 'SULAWESI TENGAH', 'sulteng', '-0.895582, 119.880490'),
(29, '2016-10-27 19:20:08', NULL, NULL, NULL, NULL, NULL, 'SULAWESI UTARA', 'sulut', '1.473339, 124.845790'),
(30, '2016-10-27 19:20:08', NULL, NULL, NULL, NULL, NULL, 'SULAWESI BARAT', 'sulbar', '-2.704702, 118.942756'),
(31, '2016-10-27 19:20:20', NULL, NULL, NULL, NULL, NULL, 'MALUKU', 'maluku', '-3.655426, 128.192347'),
(32, '2016-10-27 19:20:20', NULL, NULL, NULL, NULL, NULL, 'MALUKU UTARA', 'malut', '0.790556, 127.374635'),
(33, '2016-10-27 19:20:33', NULL, NULL, NULL, NULL, NULL, 'PAPUA', 'papua', '-2.589832, 140.669355'),
(34, '2016-10-27 19:20:33', NULL, NULL, NULL, NULL, NULL, 'PAPUA BARAT', 'pabar', '-0.850636, 134.061052');

-- --------------------------------------------------------

--
-- Table structure for table `refrigerasi`
--

CREATE TABLE IF NOT EXISTS `refrigerasi` (
  `id` int(11) NOT NULL AUTO_INCREMENT,
  `created_at` timestamp NOT NULL DEFAULT CURRENT_TIMESTAMP,
  `created_by` int(11) DEFAULT NULL,
  `updated_at` datetime DEFAULT NULL,
  `updated_by` int(11) DEFAULT NULL,
  `deleted_at` datetime DEFAULT NULL,
  `deleted_by` int(11) DEFAULT NULL,
  `nama` varchar(200) NOT NULL,
  `profil` text,
  `produk` text NOT NULL,
  `lokasi` varchar(200) DEFAULT NULL,
  `alih_teknologi` text,
  `nama_kontak` varchar(200) NOT NULL,
  `no_telp` varchar(50) NOT NULL,
  `email` varchar(200) DEFAULT NULL,
  PRIMARY KEY (`id`)
) ENGINE=InnoDB DEFAULT CHARSET=utf8 AUTO_INCREMENT=1 ;

--
-- Dumping data for table `refrigerasi`
--


-- --------------------------------------------------------

--
-- Table structure for table `refrigrasi_foto`
--

CREATE TABLE IF NOT EXISTS `refrigrasi_foto` (
  `id` int(11) NOT NULL AUTO_INCREMENT,
  `created_at` timestamp NOT NULL DEFAULT CURRENT_TIMESTAMP,
  `created_by` int(11) DEFAULT NULL,
  `updated_at` datetime DEFAULT NULL,
  `updated_by` int(11) DEFAULT NULL,
  `deleted_at` datetime DEFAULT NULL,
  `deleted_by` int(11) DEFAULT NULL,
  `id_refrigrasi` int(11) NOT NULL,
  `nama_file` varchar(50) NOT NULL,
  `keterangan` text,
  `lokasi` varchar(200) DEFAULT NULL,
  PRIMARY KEY (`id`)
) ENGINE=InnoDB DEFAULT CHARSET=utf8 AUTO_INCREMENT=1 ;

--
-- Dumping data for table `refrigrasi_foto`
--


-- --------------------------------------------------------

--
-- Table structure for table `sosialisasi`
--

CREATE TABLE IF NOT EXISTS `sosialisasi` (
  `id` int(11) NOT NULL AUTO_INCREMENT,
  `created_at` timestamp NOT NULL DEFAULT CURRENT_TIMESTAMP,
  `created_by` int(11) DEFAULT NULL,
  `updated_at` datetime DEFAULT NULL,
  `updated_by` int(11) DEFAULT NULL,
  `deleted_at` datetime DEFAULT NULL,
  `deleted_by` int(11) DEFAULT NULL,
  `kegiatan` varchar(200) NOT NULL,
  `tgl_publish` date DEFAULT NULL,
  `tgl_sosialisasi` date DEFAULT NULL,
  `id_kota` int(11) DEFAULT NULL,
  `jenis_media` enum('0','1') NOT NULL,
  `url` text NOT NULL,
  `nama_file` varchar(200) DEFAULT NULL,
  `tempat` varchar(200) DEFAULT NULL,
  `artikel` text,
  PRIMARY KEY (`id`)
) ENGINE=InnoDB  DEFAULT CHARSET=utf8 AUTO_INCREMENT=5 ;

--
-- Dumping data for table `sosialisasi`
--

INSERT INTO `sosialisasi` (`id`, `created_at`, `created_by`, `updated_at`, `updated_by`, `deleted_at`, `deleted_by`, `kegiatan`, `tgl_publish`, `tgl_sosialisasi`, `id_kota`, `jenis_media`, `url`, `nama_file`, `tempat`, `artikel`) VALUES
(1, '2016-11-20 21:03:40', 1, NULL, NULL, NULL, NULL, 'SOSIALISASI BHINEKA', '2016-11-01', '2016-11-30', 250, '0', '', NULL, 'PENDOPO KABUPATEN', 'Bola.net - Hat-trick yang dibukukan bintang Real Madrid, Cristiano Ronaldo di laga kontra sang tetangga, Atletico Madrid dini hari tadi rupanya membuatnya kini makin memantapkan status legenda di El Real.\r\n\r\nTiga gol Ronaldo membuatnya kini melewati catatan legenda Los Blancos, Alfredo Di Stefano sebagai top skorer sepanjang masa di El Derbi Madrileno dengan koleksi 18 gol.\r\n\r\nSebelum laga, Ronaldo dengan 15 gol berada di posisi ketiga daftar top skorer Derby Madrid. Gol pertamanya lewat tendangan bebas di menit 23 membuatnya menyamai catatan Santillana.\r\n\r\nGol kedua Ronaldo dari titik putih di menit 71 sukses membuatnya menyamai rekor Di Stefano sebelum akhirnya CR7 melesat ke puncak berkat gol ketiganya di menit 77.\r\n\r\nHat-trick ini membuat Ronaldo kini sudah mencetak delapan gol dari sembilan laga yang ia mainkan di La Liga musim ini, menyamai jumlah gol Lionel Messi dan Luis Suarez. (rmcf/pra)\r\n\r\nJangan Lewatkan!\r\nHighlights La Liga: Atletico Madrid 0-3 Real Madrid\r\nHasil Pertandingan Atletico Madrid vs Real Madrid: Skor 0-3\r\nRonaldo Bawa Madrid Unggul di Derby Madrileno\r\nGagal Taklukkan Malaga, Pique Tak Mau Cari-Cari Alasan\r\nImbang Lawan Malaga, Busquets Sebut Barcelona Tak Beruntung'),
(2, '2016-11-25 23:12:02', 240, NULL, NULL, NULL, NULL, 'NOBAR AREMA', '2016-11-01', '2016-11-30', 51, '0', '', NULL, 'DI MANA YAH?', 'eko'),
(3, '2016-11-28 20:55:51', 240, NULL, NULL, '2016-11-28 21:06:39', 240, 'NOBAR PSMS', '2016-11-14', '2016-11-30', 51, '0', '', NULL, 'STD TELADAN', 'opo iyoo\r\n\r\n\r\niyoo'),
(4, '2016-11-28 22:28:06', 240, NULL, NULL, NULL, NULL, 'HABIB NOVEL', '2016-11-14', '2016-11-30', 51, '0', '', NULL, 'JAKSEL', 'sopo hayoo\r\nhayoo\r\nhyoooo');

-- --------------------------------------------------------

--
-- Table structure for table `sosialisasi_foto`
--

CREATE TABLE IF NOT EXISTS `sosialisasi_foto` (
  `id` int(11) NOT NULL AUTO_INCREMENT,
  `created_at` timestamp NOT NULL DEFAULT CURRENT_TIMESTAMP,
  `created_by` int(11) DEFAULT NULL,
  `updated_at` datetime DEFAULT NULL,
  `updated_by` int(11) DEFAULT NULL,
  `deleted_at` datetime DEFAULT NULL,
  `deleted_by` int(11) DEFAULT NULL,
  `id_sosialisasi` int(11) NOT NULL,
  `jenis_media` enum('0','1') NOT NULL,
  `nama_file` varchar(50) DEFAULT NULL,
  `url` text,
  PRIMARY KEY (`id`)
) ENGINE=InnoDB  DEFAULT CHARSET=utf8 AUTO_INCREMENT=3 ;

--
-- Dumping data for table `sosialisasi_foto`
--

INSERT INTO `sosialisasi_foto` (`id`, `created_at`, `created_by`, `updated_at`, `updated_by`, `deleted_at`, `deleted_by`, `id_sosialisasi`, `jenis_media`, `nama_file`, `url`) VALUES
(1, '2016-11-20 21:03:40', 1, NULL, NULL, NULL, NULL, 1, '1', NULL, 'https://www.youtube.com/embed/_hYF8U3B8jw'),
(2, '2016-11-25 23:12:02', 240, NULL, NULL, NULL, NULL, 2, '0', 'b078de65633fcb444684c9f277afee21.jpg', NULL);

-- --------------------------------------------------------

--
-- Table structure for table `supplier`
--

CREATE TABLE IF NOT EXISTS `supplier` (
  `id` int(11) NOT NULL AUTO_INCREMENT,
  `created_at` timestamp NOT NULL DEFAULT CURRENT_TIMESTAMP,
  `created_by` int(11) DEFAULT NULL,
  `updated_at` datetime DEFAULT NULL,
  `updated_by` int(11) DEFAULT NULL,
  `deleted_at` datetime DEFAULT NULL,
  `deleted_by` int(11) DEFAULT NULL,
  `nama` varchar(200) NOT NULL,
  `alamat` text NOT NULL,
  `id_kota` int(11) NOT NULL,
  `lokasi` varchar(200) DEFAULT NULL,
  `npwp` varchar(50) DEFAULT NULL,
  `tahun_berdiri` char(4) NOT NULL,
  `penanggung_jawab` varchar(200) NOT NULL,
  `no_telp` varchar(50) NOT NULL,
  `email` varchar(200) DEFAULT NULL,
  PRIMARY KEY (`id`)
) ENGINE=InnoDB  DEFAULT CHARSET=utf8 AUTO_INCREMENT=4 ;

--
-- Dumping data for table `supplier`
--

INSERT INTO `supplier` (`id`, `created_at`, `created_by`, `updated_at`, `updated_by`, `deleted_at`, `deleted_by`, `nama`, `alamat`, `id_kota`, `lokasi`, `npwp`, `tahun_berdiri`, `penanggung_jawab`, `no_telp`, `email`) VALUES
(1, '2016-11-08 15:25:10', 1, NULL, NULL, NULL, NULL, 'TESTING', 'MANA', 462, '', '123', '2014', 'BAMBANG', '234', 'dimas@gmail.com'),
(2, '2016-11-11 20:41:25', 1, NULL, NULL, NULL, NULL, 'YAMAHA', 'JODIPAN', 270, '', '1224324', '2010', 'YULI SUMPIL', '88888', 'oke@keo.com'),
(3, '2016-11-24 22:07:41', 240, NULL, NULL, NULL, NULL, 'HOUSE MEDAN', 'MEDAN', 51, NULL, '123213', '2017', 'MEDAN', '1234', 'medan@gmail.com');

-- --------------------------------------------------------

--
-- Table structure for table `supplier_customer`
--

CREATE TABLE IF NOT EXISTS `supplier_customer` (
  `id` int(11) NOT NULL AUTO_INCREMENT,
  `created_at` timestamp NOT NULL DEFAULT CURRENT_TIMESTAMP,
  `created_by` int(11) DEFAULT NULL,
  `updated_at` datetime DEFAULT NULL,
  `updated_by` int(11) DEFAULT NULL,
  `deleted_at` datetime DEFAULT NULL,
  `deleted_by` int(11) DEFAULT NULL,
  `id_supplier` int(11) NOT NULL,
  `nama` varchar(200) NOT NULL,
  `alamat` text,
  `no_telp` varchar(50) DEFAULT NULL,
  PRIMARY KEY (`id`)
) ENGINE=InnoDB  DEFAULT CHARSET=utf8 AUTO_INCREMENT=5 ;

--
-- Dumping data for table `supplier_customer`
--

INSERT INTO `supplier_customer` (`id`, `created_at`, `created_by`, `updated_at`, `updated_by`, `deleted_at`, `deleted_by`, `id_supplier`, `nama`, `alamat`, `no_telp`) VALUES
(1, '2016-11-11 20:43:13', NULL, NULL, NULL, '2016-11-23 22:33:50', 1, 2, 'Maria Selena', 'JKT', '55678821'),
(2, '2016-11-23 22:33:17', 1, '2016-11-23 22:41:09', 1, NULL, NULL, 2, 'SIAPA DIA AKUU', 'DI MANA MANA', '92312311'),
(3, '2016-11-25 22:18:01', 240, NULL, NULL, NULL, NULL, 3, 'POLTAK SITOMPUL', 'JL. TELADAN', '3212321'),
(4, '2016-12-01 21:33:36', 1, NULL, NULL, NULL, NULL, 1, 'AMBON TOB', 'MALUKU', '32122221');

-- --------------------------------------------------------

--
-- Table structure for table `supplier_foto`
--

CREATE TABLE IF NOT EXISTS `supplier_foto` (
  `id` int(11) NOT NULL AUTO_INCREMENT,
  `created_at` timestamp NOT NULL DEFAULT CURRENT_TIMESTAMP,
  `created_by` int(11) DEFAULT NULL,
  `updated_at` datetime DEFAULT NULL,
  `updated_by` int(11) DEFAULT NULL,
  `deleted_at` datetime DEFAULT NULL,
  `deleted_by` int(11) DEFAULT NULL,
  `id_supplier` int(11) NOT NULL,
  `nama_file` varchar(50) NOT NULL,
  `keterangan` text,
  `lokasi` varchar(200) DEFAULT NULL,
  PRIMARY KEY (`id`)
) ENGINE=InnoDB DEFAULT CHARSET=utf8 AUTO_INCREMENT=1 ;

--
-- Dumping data for table `supplier_foto`
--


-- --------------------------------------------------------

--
-- Table structure for table `supplier_laporan`
--

CREATE TABLE IF NOT EXISTS `supplier_laporan` (
  `id` int(11) NOT NULL AUTO_INCREMENT,
  `created_at` timestamp NOT NULL DEFAULT CURRENT_TIMESTAMP,
  `created_by` int(11) DEFAULT NULL,
  `updated_at` datetime DEFAULT NULL,
  `updated_by` int(11) DEFAULT NULL,
  `deleted_at` datetime DEFAULT NULL,
  `deleted_by` int(11) DEFAULT NULL,
  `id_supplier` int(11) NOT NULL,
  `tahun` char(4) NOT NULL,
  `bulan` char(2) NOT NULL,
  `id_customer` int(11) NOT NULL,
  `produk` varchar(100) NOT NULL,
  `penjualan` double NOT NULL DEFAULT '0',
  PRIMARY KEY (`id`)
) ENGINE=InnoDB  DEFAULT CHARSET=utf8 AUTO_INCREMENT=5 ;

--
-- Dumping data for table `supplier_laporan`
--

INSERT INTO `supplier_laporan` (`id`, `created_at`, `created_by`, `updated_at`, `updated_by`, `deleted_at`, `deleted_by`, `id_supplier`, `tahun`, `bulan`, `id_customer`, `produk`, `penjualan`) VALUES
(1, '2016-11-11 20:45:14', 1, '2016-11-11 22:56:56', 1, NULL, NULL, 2, '2016', '11', 1, 'hcfc', 65.3),
(2, '2016-11-11 23:09:01', 1, NULL, NULL, '2016-11-11 23:09:37', 1, 2, '2016', '11', 1, 'preblended', 7),
(3, '2016-11-25 22:46:05', 240, NULL, NULL, NULL, NULL, 3, '2016', '11', 3, 'hcfc', 12),
(4, '2016-12-01 21:34:10', 1, NULL, NULL, NULL, NULL, 1, '2016', '12', 4, 'hcfc', 12);

-- --------------------------------------------------------

--
-- Table structure for table `tahun`
--

CREATE TABLE IF NOT EXISTS `tahun` (
  `tahun` char(4) CHARACTER SET utf8 NOT NULL,
  PRIMARY KEY (`tahun`)
) ENGINE=InnoDB DEFAULT CHARSET=latin1;

--
-- Dumping data for table `tahun`
--

INSERT INTO `tahun` (`tahun`) VALUES
('2010'),
('2011'),
('2012'),
('2013'),
('2014'),
('2015'),
('2016'),
('2017'),
('2018'),
('2019'),
('2020'),
('2021'),
('2022'),
('2023'),
('2024'),
('2025'),
('2026'),
('2027'),
('2028'),
('2029'),
('2030');

-- --------------------------------------------------------

--
-- Table structure for table `tips`
--

CREATE TABLE IF NOT EXISTS `tips` (
  `id` int(11) NOT NULL AUTO_INCREMENT,
  `created_at` timestamp NOT NULL DEFAULT CURRENT_TIMESTAMP,
  `created_by` int(11) DEFAULT NULL,
  `updated_at` datetime DEFAULT NULL,
  `updated_by` int(11) DEFAULT NULL,
  `deleted_at` datetime DEFAULT NULL,
  `deleted_by` int(11) DEFAULT NULL,
  `judul` varchar(200) NOT NULL,
  `tgl_publish` date DEFAULT NULL,
  `jenis_media` enum('0','1') NOT NULL,
  `url` text NOT NULL,
  `nama_file` varchar(200) DEFAULT NULL,
  `artikel` text,
  `status` enum('0','1') DEFAULT NULL,
  PRIMARY KEY (`id`)
) ENGINE=InnoDB  DEFAULT CHARSET=utf8 AUTO_INCREMENT=10 ;

--
-- Dumping data for table `tips`
--

INSERT INTO `tips` (`id`, `created_at`, `created_by`, `updated_at`, `updated_by`, `deleted_at`, `deleted_by`, `judul`, `tgl_publish`, `jenis_media`, `url`, `nama_file`, `artikel`, `status`) VALUES
(1, '2016-11-14 18:08:50', 1, NULL, NULL, '2016-11-15 22:51:50', 1, 'Tips Testing', '2016-11-14', '0', '', NULL, 'Ini Adalah testing', '1'),
(2, '2016-11-15 22:08:41', 1, NULL, NULL, '2016-11-15 22:51:52', 1, 'Tips Membobol Rumah', '2016-11-25', '0', '', NULL, 'Di mana tempat lahir beta.\r\nDibuai dibesarkan bunda...', ''),
(3, '2016-11-15 22:41:14', 1, '2016-11-16 00:17:25', 1, NULL, NULL, 'BENER', '2016-11-16', '0', '', '588d26b282f42a4dd44e02c1b30ff406.jpg', 'Testing', '0'),
(4, '2016-11-15 22:49:09', 1, '2016-11-15 23:40:38', 1, NULL, NULL, 'IBADAH', '2016-11-28', '0', '', 'e641908dce1d22f4b3dc42eb6e0a2909.jpg', 'te\r\nte\r\nte\r\nte\r\nhoiu\r\nhiou', '1'),
(5, '2016-11-16 00:27:46', 1, '2016-11-16 22:36:00', 1, NULL, NULL, 'STEVEN GERRARD', '2016-11-23', '1', '', '3ef33d79bb65e0c1dbf596c7b1496396.mkv', 'Bola.net - Steven Gerrard dikabarkan sedang menjalin negosiasi untuk kembali lagi ke Liverpool. Ia disebut akan menjadi staf pelatih akademi Liverpool.\r\n\r\nKemarin, mantan kapten The Reds tersebut memberikan konfirmasi akan meninggalkan La Galaxy karena kontraknya akan habis pada akhir tahun ini.\r\n\r\nMenurut kabar yang dilansir Daily Express, Gerrard sudah menjalin komunikasi dengan direktur akademi Liverpool, Alex Inglethorpe. Sebagai legendaris Liverpool, ia ingin punya peran yang bernilai untuk mantan timnya daripada hanya menjadi ikon klub saja.\r\n\r\nPemain 36 tahun ini, sempat dikaitkan dengan Celtic untuk bereuni dengan mantan bosnya, Brendan Rodgers. Tapi ia membantah rumor tersebut.\r\n\r\nHubungan Gerrard dengan Liverpool memang sangat erat. Ia sudah gabung dengan klub bermarkas di Anfield ini sejak tahun 1987. Ia mulai masuk ke tim utama pada tahun 1998 dan hengkang pada tahun 2015 kemarin dengan mencatatkan 710 penampilan. (exp/shd)', '1'),
(6, '2016-11-16 00:38:17', 1, '2016-11-16 01:59:31', 1, NULL, NULL, 'TIPS TRIK', '2016-11-16', '0', '', '87ab9a876b94141ce2a1f1683596237f.jpg', 'Dua hari menjelang pemberangkatan ke Filipina untuk partisipasinya diajang Piala AFF 2016, tim nasional Indonesia mendapatkan kabar buruk. Indonesia harus kehilangan penyerang andalannya, Irfan Bachdim, karena alasan cedera.\r\n\r\nBachdim mengalami retak tulang fibula dalam sesi simulasi serangan balik ketika mengikuti pemusatan latihan di Sekolah Pelita Harapan, Karawaci, Tangerang, Selasa (15/11) pagi. Atas cedera yang dialaminya, dia dipastikan tak akan dibawa ke Piala AFF 2016.\r\n\r\n"Bachdim baru bisa sembuh dua bulan ke depan," ujar Dokter Timnas Indonesia, Syarief Alwi. "Kalau dia diberangkatkan kasihan. Jangankan untuk main bola, jalan kaki saja sakit sekali," tambahnya.\r\n\r\nTimnas Indonesia sendiri akan berangkat ke Filipina pada Kamis (17/11) pagi. Skuat Merah Putih akan memulai kiprah mereka dengan melawan Thailand pada 19 November.\r\n\r\nBachdim menjadi salah satu pemain yang paling penting dalam skuat Indonesia yang disiapkan untuk ke Piala AFF. Mantan pemain Persema Malang ini selalu menjadi pilihan utama Alfred Riedl dalam sejumlah laga uji coba. Bachdim menyumbangkan tiga gol dalam empat laga uji coba Skuat Garuda. (fit/asa)', '1'),
(7, '2016-11-16 00:59:56', 1, '2016-11-16 01:33:57', 1, NULL, NULL, 'MANEQUINE', '2016-11-28', '0', '', '0ed4bb76bca904dda68a7e712cb69e04.jpg', 'I''m trying to play a video (specific location for now) from my computer. But it won''t play and it just show the player and play button and progress bar.\r\n\r\nUpdate: I''m currently using xampp and codeigniter as the framework. I tried creating a single webpage placed in my Desktop using the code above and placed the video in my Desktop and it worked. But when I am using codeigniter it does not play. I''ve tried putting the video clips inside my view folder but still it won''t work.', '1'),
(8, '2016-11-16 01:35:00', 1, '2016-11-16 21:39:02', 1, NULL, NULL, 'LIPUTAN 6', '2016-11-16', '1', 'https://www.youtube.com/embed/OvW_L8sTu5E', NULL, 'I''m trying to play a video (specific location for now) from my computer. But it won''t play and it just show the player and play button and progress bar.\r\n\r\nUpdate: I''m currently using xampp and codeigniter as the framework. I tried creating a single webpage placed in my Desktop using the code above and placed the video in my Desktop and it worked. But when I am using codeigniter it does not play. I''ve tried putting the video clips inside my view folder but still it won''t work.', '1'),
(9, '2016-11-16 21:46:20', 1, '2016-11-16 21:46:44', 1, NULL, NULL, 'MINI OREO', '2016-11-16', '0', '', '4390a34485dff8d33cc9095a724d49e8.jpg', 'Bola.net - Aleix Vidal ternyata tak ingin balik ke Sevilla saat meninggalkan Barcelona pada bursa transfer musim dingin nanti.\r\n\r\nVidal dipercaya akan meninggalkan Camp Nou karena tak menjadi pilihan dalam skuat Luis Enrique. Musim ini, pemain 27 tahun tersebut baru dua kali bermain bersama tim Catalan. Vidal sendiri gabung dengan Barca pada musim panas lalu dengan harga 18 juta pounds dari Sevilla.\r\n\r\nMusim sebelumnya, ia bermain bagus bersama Sevilla dan mengantarkan timnya menjadi juara Liga Europa pada tahun 2015. Ia mencatatkan 11 assist dan enam gol dari 46 penampilan.\r\n\r\nPada bulan Januari nanti, Vidal santer dirumorkan akan kembali ke Sanchez Pizjuan. Namun menurut kabar yang dilansir Mundo Deportivo, ia mengatakan pada rekannya di Barca bahwa ia tak ingin kembali ke klub lamanya.\r\n\r\nSementara itu, AC Milan disebut tertarik membawa Vidal ke San Siro. Ia dipercaya akan menjadi pemain penting di sana karena Vincenzo Montella sedang mencari pemain untuk mengisi bek sisi kanan. (md/shd)', '1');

-- --------------------------------------------------------

--
-- Table structure for table `ukm`
--

CREATE TABLE IF NOT EXISTS `ukm` (
  `id` int(11) NOT NULL AUTO_INCREMENT,
  `created_at` timestamp NOT NULL DEFAULT CURRENT_TIMESTAMP,
  `created_by` int(11) DEFAULT NULL,
  `updated_at` datetime DEFAULT NULL,
  `updated_by` int(11) DEFAULT NULL,
  `deleted_at` datetime DEFAULT NULL,
  `deleted_by` int(11) DEFAULT NULL,
  `nama` varchar(200) NOT NULL,
  `alamat` text NOT NULL,
  `id_kota` int(11) NOT NULL,
  `lokasi` varchar(200) DEFAULT NULL,
  `npwp` varchar(50) DEFAULT NULL,
  `kategori` varchar(200) NOT NULL,
  `metode` varchar(200) NOT NULL,
  `id_supplier` int(11) NOT NULL,
  `id_customer` int(11) NOT NULL,
  `penanggung_jawab` varchar(200) NOT NULL,
  `no_telp` varchar(50) NOT NULL,
  `email` varchar(200) DEFAULT NULL,
  PRIMARY KEY (`id`)
) ENGINE=InnoDB  DEFAULT CHARSET=utf8 AUTO_INCREMENT=6 ;

--
-- Dumping data for table `ukm`
--

INSERT INTO `ukm` (`id`, `created_at`, `created_by`, `updated_at`, `updated_by`, `deleted_at`, `deleted_by`, `nama`, `alamat`, `id_kota`, `lokasi`, `npwp`, `kategori`, `metode`, `id_supplier`, `id_customer`, `penanggung_jawab`, `no_telp`, `email`) VALUES
(1, '2016-11-10 21:23:26', NULL, NULL, NULL, NULL, NULL, 'DEVMATECH', 'MLG', 270, '', '123214', 'OKE', 'OKE', 1, 0, 'DEVMATECH', '081233664974', 'devma@gm.com'),
(2, '2016-11-11 02:36:34', NULL, NULL, NULL, NULL, NULL, 'SINGO EDAN', 'MLG', 270, '', '4312', 'IKU', 'HEHO', 1, 0, 'EDY RUMPOKO', '9876', 'rum@g'),
(3, '2016-11-23 22:33:17', 1, '2016-11-23 22:41:09', 1, NULL, NULL, 'SIAPA DIA AKUU', 'DI MANA MANA', 270, '', NULL, '', '', 2, 2, 'SIAPA DIA AKUU', '92312311', NULL),
(4, '2016-11-25 22:18:01', 240, NULL, NULL, NULL, NULL, 'POLTAK SITOMPUL', 'JL. TELADAN', 51, NULL, NULL, '', '', 3, 3, 'POLTAK SITOMPUL', '3212321', NULL),
(5, '2016-12-01 21:33:36', 1, NULL, NULL, NULL, NULL, 'AMBON TOB', 'MALUKU', 462, NULL, NULL, '', '', 1, 4, 'AMBON TOB', '32122221', NULL);

-- --------------------------------------------------------

--
-- Table structure for table `ukm_foto`
--

CREATE TABLE IF NOT EXISTS `ukm_foto` (
  `id` int(11) NOT NULL AUTO_INCREMENT,
  `created_at` timestamp NOT NULL DEFAULT CURRENT_TIMESTAMP,
  `created_by` int(11) DEFAULT NULL,
  `updated_at` datetime DEFAULT NULL,
  `updated_by` int(11) DEFAULT NULL,
  `deleted_at` datetime DEFAULT NULL,
  `deleted_by` int(11) DEFAULT NULL,
  `id_ukm` int(11) NOT NULL,
  `nama_file` varchar(50) NOT NULL,
  `keterangan` text,
  `lokasi` varchar(200) DEFAULT NULL,
  PRIMARY KEY (`id`)
) ENGINE=InnoDB DEFAULT CHARSET=utf8 AUTO_INCREMENT=1 ;

--
-- Dumping data for table `ukm_foto`
--


-- --------------------------------------------------------

--
-- Table structure for table `ukm_laporan`
--

CREATE TABLE IF NOT EXISTS `ukm_laporan` (
  `id` int(11) NOT NULL AUTO_INCREMENT,
  `created_at` timestamp NOT NULL DEFAULT CURRENT_TIMESTAMP,
  `created_by` int(11) DEFAULT NULL,
  `updated_at` datetime DEFAULT NULL,
  `updated_by` int(11) DEFAULT NULL,
  `deleted_at` datetime DEFAULT NULL,
  `deleted_by` int(11) DEFAULT NULL,
  `id_ukm` int(11) NOT NULL,
  `tahun` char(4) NOT NULL,
  `bulan` char(2) NOT NULL,
  `pembelian_preblended` double DEFAULT '0',
  PRIMARY KEY (`id`)
) ENGINE=InnoDB  DEFAULT CHARSET=utf8 AUTO_INCREMENT=5 ;

--
-- Dumping data for table `ukm_laporan`
--

INSERT INTO `ukm_laporan` (`id`, `created_at`, `created_by`, `updated_at`, `updated_by`, `deleted_at`, `deleted_by`, `id_ukm`, `tahun`, `bulan`, `pembelian_preblended`) VALUES
(1, '2016-11-10 21:58:44', 232, '2016-11-10 21:59:38', 232, '2016-11-10 22:02:33', 1, 1, '2016', '11', 3),
(2, '2016-11-10 22:02:18', 1, '2016-11-10 22:03:21', 1, NULL, NULL, 1, '2016', '11', 4.5),
(3, '2016-11-11 02:12:52', 233, NULL, NULL, NULL, NULL, 1, '2016', '11', 7.8),
(4, '2016-11-25 22:48:48', 240, NULL, NULL, NULL, NULL, 4, '2016', '11', 5);

/*!40101 SET CHARACTER_SET_CLIENT=@OLD_CHARACTER_SET_CLIENT */;
/*!40101 SET CHARACTER_SET_RESULTS=@OLD_CHARACTER_SET_RESULTS */;
/*!40101 SET COLLATION_CONNECTION=@OLD_COLLATION_CONNECTION */;
